metric_id,metrics,operating_system_type,display_names,feature_name,unique_identifier,level_1,level_2,level_3,level_4,level_5,hierarchy_id,parent_id_old,metric_sequence_num,level_no,feature_id,parent_id,create_dt
1,DR_Visits to Billing Home,Apple iOS,Billing Section Visits,BIL LING,BL,Billing Section Visits,,,,,Apple iOS_BL_1,,1,1,1,,1/3/2025
2,DR_Billing Make a Payment,Apple iOS,Make Payments,BIL LING,BL,,Make Payments,,,,Apple iOS_BL_1.1,Apple iOS_BL_1,2,2,1,1,1/3/2025
3,DR_Client Errors on Make Payment,Apple iOS,Client Errors on Payment Page,BIL LING,BL,,,Client Errors on Payment Page,,,Apple iOS_BL_1.1.1,Apple iOS_BL_1.1,3,3,1,2,1/3/2025
4,DR_Server Errors on Make Payment,Apple iOS,Server Errors on Payment Page,BIL LING,BL,,,Server Errors on Payment Page,,,Apple iOS_BL_1.1.2,Apple iOS_BL_1.1,4,3,1,2,1/3/2025
5,DR_Payment Submit,Apple iOS,Payment Submit,BIL LING,BL,,Payment Submit,,,,Apple iOS_BL_1.2,Apple iOS_BL_1,5,2,1,1,1/3/2025
6,DR_Payments,Apple iOS,Payment Success Rate,BIL LING,BL,,,Payment Success Rate,,,Apple iOS_BL_1.2.1,Apple iOS_BL_1.2,6,3,1,5,1/3/2025
7,DR_Promise to Pay,Apple iOS,Promise to Pay - Linkout,BIL LING,BL,,Promise to Pay - Linkout,,,,Apple iOS_BL_1.3,Apple iOS_BL_1,7,2,1,1,1/3/2025
8,DR_Promise to Pay (Native),Apple iOS,Promise to Pay - Native,BIL LING,BL,,Promise to Pay - Native,,,,Apple iOS_BL_1.4,Apple iOS_BL_1,8,2,1,1,1/3/2025
9,DR_CoxApp | Billing - Additional time to pay (Link out),Apple iOS,Additional time to pay - Linkout,BIL LING,BL,,,Additional time to pay - Linkout,,,Apple iOS_BL_1.4.1,Apple iOS_BL_1.4,9,3,1,8,1/3/2025
10,DR_CoxApp | Billing - Future date payment (Link out),Apple iOS,Future date payment - Linkout,BIL LING,BL,,,Future date payment - Linkout,,,Apple iOS_BL_1.4.2,Apple iOS_BL_1.4,10,3,1,8,1/3/2025
11,DR_Billing - View Bill Details,Apple iOS,Bill Downloads,BIL LING,BL,,Bill Downloads,,,,Apple iOS_BL_1.5,Apple iOS_BL_1,11,2,1,1,1/3/2025
12,DR_Billing - Activity & Statements,Apple iOS,Activity & Statements,BIL LING,BL,,Activity & Statements,,,,Apple iOS_BL_1.6,Apple iOS_BL_1,12,2,1,1,1/3/2025
13,DR_Billing - Automatic Payments,Apple iOS,Easy Pay Enrollments,BIL LING,BL,,Easy Pay Enrollments,,,,Apple iOS_BL_1.7,Apple iOS_BL_1,13,2,1,1,1/3/2025
14,DR_Billing - Manage Payment Methods,Apple iOS,Payment Method Changes,BIL LING,BL,,Payment Method Changes,,,,Apple iOS_BL_1.8,Apple iOS_BL_1,14,2,1,1,1/3/2025
15,DR_Billing - Agreements & Discounts,Apple iOS,Agreement & Discounts,BIL LING,BL,,Agreement & Discounts,,,,Apple iOS_BL_1.9,Apple iOS_BL_1,15,2,1,1,1/3/2025
16,DR_Billing - Bill Delivery,Apple iOS,Bill Delivery Options,BIL LING,BL,,Bill Delivery Options,,,,Apple iOS_BL_1.10,Apple iOS_BL_1,16,2,1,1,1/3/2025
17,DR_Billing - Edit Billing Address,Apple iOS,Address Changes,BIL LING,BL,,Address Changes,,,,Apple iOS_BL_1.11,Apple iOS_BL_1,17,2,1,1,1/3/2025
18,DR_Billing - Move My Service,Apple iOS,Move Service,BIL LING,BL,,Move Service,,,,Apple iOS_BL_1.12,Apple iOS_BL_1,18,2,1,1,1/3/2025
19,DR_Billing visits to chat,Apple iOS,Billing_Interacted with chat,BIL LING,BL,,Billing_Interacted with chat,,,,Apple iOS_BL_1.13,Apple iOS_BL_1,19,2,1,1,1/3/2025
20,DR_Wireless Service,Apple iOS,Visits from 'Cox Mobile' users,COX MOBILE,CM,Visits from 'Cox Mobile' users,,,,,Apple iOS_CM_1,,20,1,2,,1/3/2025
21,DR_Mymobile HomePage Visits,Apple iOS,Coxmob Line Detail Page,COX MOBILE,CM,,Coxmob Line Detail Page,,,,Apple iOS_CM_1.1,Apple iOS_CM_1,21,2,2,20,1/3/2025
22,DR_Mobile Lock Enabled,Apple iOS,,COX MOBILE,CM,,,,,,,,22,1,2,,1/3/2025
23,DR_Mobile Lock Disabled,Apple iOS,,COX MOBILE,CM,,,,,,,,23,1,2,,1/3/2025
24,DR_Change Status Exit link,Apple iOS,Coxmob Change Status External Link,COX MOBILE,CM,,,Coxmob Change Status External Link,,,Apple iOS_CM_1.1.1,Apple iOS_CM_1.1,24,3,2,21,1/3/2025
25,DR_Add a Line,Apple iOS,Coxmob Add a Line,COX MOBILE,CM,,,Coxmob Add a Line,,,Apple iOS_CM_1.1.2,Apple iOS_CM_1.1,25,3,2,21,1/3/2025
26,DR_Change your Plan,Apple iOS,Coxmob Change  Plan - linkout,COX MOBILE,CM,,,Coxmob Change  Plan - linkout,,,Apple iOS_CM_1.1.3,Apple iOS_CM_1.1,26,3,2,21,1/3/2025
27,DR_Change Plan - New,Apple iOS,Coxmob Change Plan - Native,COX MOBILE,CM,,,Coxmob Change Plan - Native,,,Apple iOS_CM_1.1.4,Apple iOS_CM_1.1,27,3,2,21,1/3/2025
28,DR_Change plan - Account Restrictions,Apple iOS,Coxmob Account Restrictions,COX MOBILE,CM,,,,Coxmob Account Restrictions,,Apple iOS_CM_1.1.4.1,Apple iOS_CM_1.1.4,28,4,2,27,1/3/2025
29,DR_Change plan Confirmation,Apple iOS,Coxmob Plan Purchased,COX MOBILE,CM,,,,Coxmob Plan Purchased,,Apple iOS_CM_1.1.4.2,Apple iOS_CM_1.1.4,29,4,2,27,1/3/2025
30,DR_Change Plan - Pay as Gig,Apple iOS,Coxmob Gig Plan,COX MOBILE,CM,,,,,Coxmob Gig Plan,Apple iOS_CM_1.1.4.2.1,Apple iOS_CM_1.1.4.2,30,5,2,29,1/3/2025
31,DR_Change Plan - Unlimited,Apple iOS,Coxmob Unlimited Plan,COX MOBILE,CM,,,,,Coxmob Unlimited Plan,Apple iOS_CM_1.1.4.2.2,Apple iOS_CM_1.1.4.2,31,5,2,29,1/3/2025
32,DR_Welcome Guide,Apple iOS,Coxmob Welcome Guide,COX MOBILE,CM,,,Coxmob Welcome Guide,,,Apple iOS_CM_1.1.5,Apple iOS_CM_1.1,32,3,2,21,1/3/2025
33,DR_Device Payment Plan,Apple iOS,Coxmob Device Payment Plan,COX MOBILE,CM,,,Coxmob Device Payment Plan,,,Apple iOS_CM_1.1.6,Apple iOS_CM_1.1,33,3,2,21,1/3/2025
34,DR_Insurance Claim,Apple iOS,File a Claim,COX MOBILE,CM,,,File a Claim,,,Apple iOS_CM_1.1.7,Apple iOS_CM_1.1,34,3,2,21,1/3/2025
35,DR_Opted for Pay as you Gig Plan,Apple iOS,Coxmob Pay as you Gig,COX MOBILE,CM,,,Coxmob Pay as you Gig,,,Apple iOS_CM_1.1.8,Apple iOS_CM_1.1,35,3,2,21,1/3/2025
36,DR_Opted for Gig Unlimited Plan,Apple iOS,Coxmob Gig Unlimited Plan,COX MOBILE,CM,,Coxmob Gig Unlimited Plan,,,,Apple iOS_CM_1.2,Apple iOS_CM_1,36,2,2,20,1/3/2025
37,DR_Mobile Billing Home,Apple iOS,Coxmob Billing Home,COX MOBILE,CM,,Coxmob Billing Home,,,,Apple iOS_CM_1.3,Apple iOS_CM_1,37,2,2,20,1/3/2025
38,DR_Mobile Billing - Additional Payment,Apple iOS,Coxmob Make Additional Payment,COX MOBILE,CM,,Coxmob Make Additional Payment,,,,Apple iOS_CM_1.4,Apple iOS_CM_1,38,2,2,20,1/3/2025
39,DR_Mobile Billing - Payment Method,Apple iOS,Coxmob Payment Method Changes,COX MOBILE,CM,,Coxmob Payment Method Changes,,,,Apple iOS_CM_1.5,Apple iOS_CM_1,39,2,2,20,1/3/2025
40,DR_Mobile Billing - Activity & Statements,Apple iOS,Coxmob Activity & Statements,COX MOBILE,CM,,Coxmob Activity & Statements,,,,Apple iOS_CM_1.6,Apple iOS_CM_1,40,2,2,20,1/3/2025
41,DR_Mobile Billing - Easypay Confirmation,Apple iOS,Coxmob Easypay Enrollment,COX MOBILE,CM,,Coxmob Easypay Enrollment,,,,Apple iOS_CM_1.7,Apple iOS_CM_1,41,2,2,20,1/3/2025
42,DR_Mobile Billing - Bill Delivery Confirmation,Apple iOS,Coxmob Bill Delivery Changes,COX MOBILE,CM,,Coxmob Bill Delivery Changes,,,,Apple iOS_CM_1.8,Apple iOS_CM_1,42,2,2,20,1/3/2025
43,DR_Wireless Support,Apple iOS,Coxmob Support Section,COX MOBILE,CM,,Coxmob Support Section,,,,Apple iOS_CM_1.9,Apple iOS_CM_1,43,2,2,20,1/3/2025
44,DR_Total Data Usage Visits,Apple iOS,Total Data Usage Visits,DATA USAGE,DU,Total Data Usage Visits,,,,,Apple iOS_DU_1,,44,1,3,,1/3/2025
45,DR_Data Plan upgrade,Apple iOS,Data Plan Upgrade,DATA USAGE,DU,,Data Plan Upgrade,,,,Apple iOS_DU_1.1,Apple iOS_DU_1,45,2,3,44,1/3/2025
46,DR_Data Usage Learn More,Apple iOS,Learn More,DATA USAGE,DU,,Learn More,,,,Apple iOS_DU_1.2,Apple iOS_DU_1,46,2,3,44,1/3/2025
47,DR_Data Usage Courtesy Credits,Apple iOS,Courtesy Credit,DATA USAGE,DU,,Courtesy Credit,,,,Apple iOS_DU_1.3,Apple iOS_DU_1,47,2,3,44,1/3/2025
48,DR_Total Data Usage >=75%,Apple iOS,Data usage >=75%,DATA USAGE,DU,,Data usage >=75%,,,,Apple iOS_DU_1.4,Apple iOS_DU_1,48,2,3,44,1/3/2025
49,DR_Total Data Usage >=100%,Apple iOS,Data usage >=100%,DATA USAGE,DU,,Data usage >=100%,,,,Apple iOS_DU_1.5,Apple iOS_DU_1,49,2,3,44,1/3/2025
50,DR_Data Usage - Agent Chat Started,Apple iOS,Data_usage Interacted with Chat,DATA USAGE,DU,,Data_usage Interacted with Chat,,,,Apple iOS_DU_1.6,Apple iOS_DU_1,50,2,3,44,1/3/2025
51,DR_Direct Ecomm Visits Traffic from to Cox.com,Apple iOS,Total Visits from web ecomm,E COMMERCE,EC,,,,,,,,51,1,4,,1/3/2025
52,DR_Direct Ecomm order Traffic sent from cox.com,Apple iOS,Total Orders from web ecomm,E COMMERCE,EC,,,,,,,,52,1,4,,1/3/2025
53,DR_Direct Ecomm Traffic sent from App to cox.com,Apple iOS,Visits sent from app to cox.com,E COMMERCE,EC,Visits sent from app to cox.com,,,,,Apple iOS_EC_1,,53,1,4,,1/3/2025
54,DR_Direct Ecomm order Traffic sent from App to cox.com,Apple iOS,Orders generated,E COMMERCE,EC,,,,,,,,54,1,4,,1/3/2025
55,DR_Data Plan Upgrade Ecomm Traffic sent from App to cox.com,Apple iOS,Data Usage,E COMMERCE,EC,,Data Usage,,,,Apple iOS_EC_1.1,Apple iOS_EC_1,55,2,4,53,1/3/2025
56,DR_Service Plan Upgrade Ecomm Traffic sent from App to cox.com,Apple iOS,Plan Changes,E COMMERCE,EC,,Plan Changes,,,,Apple iOS_EC_1.2,Apple iOS_EC_1,56,2,4,53,1/3/2025
57,DR_CRO Ecomm Traffic sent from App to cox.com,Apple iOS,CRO,E COMMERCE,EC,,CRO,,,,Apple iOS_EC_1.3,Apple iOS_EC_1,57,2,4,53,1/3/2025
58,DR_Transfer Ecomm Traffic sent from App to cox.com,Apple iOS,Transfer,E COMMERCE,EC,,Transfer,,,,Apple iOS_EC_1.4,Apple iOS_EC_1,58,2,4,53,1/3/2025
59,DR_Visits where One EC Card was shown,Apple iOS,Easy Connect Eligible Visits,EASY CON NECT,ECN,Easy Connect Eligible Visits,,,,,Apple iOS_ECN_1,,59,1,5,,1/3/2025
60,DR_EC Flow>Success,Apple iOS,Overall Success,EASY CON NECT,ECN,,Overall Success,,,,Apple iOS_ECN_1.1,Apple iOS_ECN_1,60,2,5,59,1/3/2025
61,DR_EC>Failure,Apple iOS,Overall Failure,EASY CON NECT,ECN,,Overall Failure,,,,Apple iOS_ECN_1.2,Apple iOS_ECN_1,61,2,5,59,1/3/2025
62,DR_EC Flow>Timeout,Apple iOS,Overall Timeout,EASY CON NECT,ECN,,Overall Timeout,,,,Apple iOS_ECN_1.3,Apple iOS_ECN_1,62,2,5,59,1/3/2025
63,DR_EC>No Result,Apple iOS,Overall No Result,EASY CON NECT,ECN,,Overall No Result,,,,Apple iOS_ECN_1.4,Apple iOS_ECN_1,63,2,5,59,1/3/2025
64,DR_Easy Connect - Started,Apple iOS,Started the Flow,EASY CON NECT,ECN,,Started the Flow,,,,Apple iOS_ECN_1.5,Apple iOS_ECN_1,64,2,5,59,1/3/2025
65,DR_Easy Connect Started - Success,Apple iOS,Success,EASY CON NECT,ECN,,,Success,,,Apple iOS_ECN_1.5.1,Apple iOS_ECN_1.5,65,3,5,64,1/3/2025
66,DR_Easy Connect Started - Failure,Apple iOS,Failure,EASY CON NECT,ECN,,,Failure,,,Apple iOS_ECN_1.5.2,Apple iOS_ECN_1.5,66,3,5,64,1/3/2025
67,DR_Easy Connect Started - Timeout,Apple iOS,Timeout,EASY CON NECT,ECN,,,Timeout,,,Apple iOS_ECN_1.5.3,Apple iOS_ECN_1.5,67,3,5,64,1/3/2025
68,DR_Easy Connect Started - No Result,Apple iOS,No Result,EASY CON NECT,ECN,,,No Result,,,Apple iOS_ECN_1.5.4,Apple iOS_ECN_1.5,68,3,5,64,1/3/2025
69,DR_Easy Connect - Started Agent Chat,Apple iOS,Easyconnect_Interacted with Chat,EASY CON NECT,ECN,,Easyconnect_Interacted with Chat,,,,Apple iOS_ECN_1.6,Apple iOS_ECN_1,69,2,5,59,1/3/2025
70,DR_Visits who did not Start EC Flow,Apple iOS,Did Not Start the Flow,EASY CON NECT,ECN,,Did Not Start the Flow,,,,Apple iOS_ECN_1.7,Apple iOS_ECN_1,70,2,5,59,1/3/2025
71,DR_Visits who did not Start EC Flow - Success,Apple iOS,Did_not Success,EASY CON NECT,ECN,,,Did_not Success,,,Apple iOS_ECN_1.7.1,Apple iOS_ECN_1.7,71,3,5,70,1/3/2025
72,DR_Visits who did not Start EC Flow - Failure,Apple iOS,Did_not Failure,EASY CON NECT,ECN,,,Did_not Failure,,,Apple iOS_ECN_1.7.2,Apple iOS_ECN_1.7,72,3,5,70,1/3/2025
73,DR_Visits who did not Start EC Flow - No Result,Apple iOS,Did_not No Result,EASY CON NECT,ECN,,,Did_not No Result,,,Apple iOS_ECN_1.7.3,Apple iOS_ECN_1.7,73,3,5,70,1/3/2025
74,DR_Easy Connect - Self install success,Apple iOS,,EASY CON NECT,ECN,,,,,,,,74,1,5,,1/3/2025
75,DR_Easy Connect - Self install Timeout,Apple iOS,,EASY CON NECT,ECN,,,,,,,,75,1,5,,1/3/2025
76,cancel,Apple iOS,,KEY WORDS,KW,,,,,,,,76,1,6,,1/3/2025
77,cancel service,Apple iOS,,KEY WORDS,KW,,,,,,,,77,1,6,,1/3/2025
78,outage,Apple iOS,,KEY WORDS,KW,,,,,,,,78,1,6,,1/3/2025
79,bill,Apple iOS,,KEY WORDS,KW,,,,,,,,79,1,6,,1/3/2025
80,pay bill,Apple iOS,,KEY WORDS,KW,,,,,,,,80,1,6,,1/3/2025
81,modem,Apple iOS,,KEY WORDS,KW,,,,,,,,81,1,6,,1/3/2025
82,billing,Apple iOS,,KEY WORDS,KW,,,,,,,,82,1,6,,1/3/2025
83,Setup,Apple iOS,,KEY WORDS,KW,,,,,,,,83,1,6,,1/3/2025
84,new modem,Apple iOS,,KEY WORDS,KW,,,,,,,,84,1,6,,1/3/2025
85,set up,Apple iOS,,KEY WORDS,KW,,,,,,,,85,1,6,,1/3/2025
86,speed test,Apple iOS,,KEY WORDS,KW,,,,,,,,86,1,6,,1/3/2025
87,phone number,Apple iOS,,KEY WORDS,KW,,,,,,,,87,1,6,,1/3/2025
88,contact,Apple iOS,,KEY WORDS,KW,,,,,,,,88,1,6,,1/3/2025
89,call,Apple iOS,,KEY WORDS,KW,,,,,,,,89,1,6,,1/3/2025
90,outages,Apple iOS,,KEY WORDS,KW,,,,,,,,90,1,6,,1/3/2025
91,outage map,Apple iOS,,KEY WORDS,KW,,,,,,,,91,1,6,,1/3/2025
92,password,Apple iOS,,KEY WORDS,KW,,,,,,,,92,1,6,,1/3/2025
93,disconnect,Apple iOS,,KEY WORDS,KW,,,,,,,,93,1,6,,1/3/2025
94,customer service,Apple iOS,,KEY WORDS,KW,,,,,,,,94,1,6,,1/3/2025
95,install,Apple iOS,,KEY WORDS,KW,,,,,,,,95,1,6,,1/3/2025
96,DR_Login Page Visits,Apple iOS,Login Page Visits,LOG IN,LI,Login Page Visits,,,,,Apple iOS_LI_1,,96,1,7,,1/3/2025
97,DR_Successful logins,Apple iOS,Login Success Rate,LOG IN,LI,,Login Success Rate,,,,Apple iOS_LI_1.1,Apple iOS_LI_1,97,2,7,96,1/3/2025
98,DR_Auto Logins,Apple iOS,Share of Auto Login (Remember/Biometrics),LOG IN,LI,,,Share of Auto Login (Remember/Biometrics),,,Apple iOS_LI_1.1.1,Apple iOS_LI_1.1,98,3,7,97,1/3/2025
99,DR_Clicks to MFA Verification,Apple iOS,with TSV,LOG IN,LI,,with TSV,,,,Apple iOS_LI_1.2,Apple iOS_LI_1,99,2,7,96,1/3/2025
100,DR_Clicks on Forgot User ID,Apple iOS,User ID Recovery,LOG IN,LI,,User ID Recovery,,,,Apple iOS_LI_1.3,Apple iOS_LI_1,100,2,7,96,1/3/2025
101,Clicks on Forgot Password,Apple iOS,Password Reset,LOG IN,LI,,Password Reset,,,,Apple iOS_LI_1.4,Apple iOS_LI_1,101,2,7,96,1/3/2025
102,DR_Need to Register,Apple iOS,Registration,LOG IN,LI,,Registration,,,,Apple iOS_LI_1.5,Apple iOS_LI_1,102,2,7,96,1/3/2025
103,DR_Notification status Exists,Apple iOS,Notifi_center Visits with Bell icon,NOTIFICATION CENTER,NC,Notifi_center Visits with Bell icon,,,,,Apple iOS_NC_1,,103,1,8,,1/3/2025
104,DR_Notification received visits,Apple iOS,Notifi_center Visits with new notifications,NOTIFICATION CENTER,NC,,Notifi_center Visits with new notifications,,,,Apple iOS_NC_1.1,Apple iOS_NC_1,104,2,8,103,1/3/2025
105,DR_Notification page Visits,Apple iOS,Notifi_center Clicked bell with new notifications,NOTIFICATION CENTER,NC,,,Notifi_center Clicked bell with new notifications,,,Apple iOS_NC_1.1.1,Apple iOS_NC_1.1,105,3,8,104,1/3/2025
106,DR_Notification Viewed with new notifications,Apple iOS,Notifi_center Viewed,NOTIFICATION CENTER,NC,,,,Notifi_center Viewed,,Apple iOS_NC_1.1.1.1,Apple iOS_NC_1.1.1,106,4,8,105,1/3/2025
107,DR_Notification Declined with new notifications,Apple iOS,Notifi_center Declined,NOTIFICATION CENTER,NC,,,,Notifi_center Declined,,Apple iOS_NC_1.1.1.2,Apple iOS_NC_1.1.1,107,4,8,105,1/3/2025
108,DR_Notification accepted with new notifications,Apple iOS,Notifi_center Accepted,NOTIFICATION CENTER,NC,,,,Notifi_center Accepted,,Apple iOS_NC_1.1.1.3,Apple iOS_NC_1.1.1,108,4,8,105,1/3/2025
109,DR_No action on new notifications,Apple iOS,Notifi_center No Action,NOTIFICATION CENTER,NC,,,,Notifi_center No Action,,Apple iOS_NC_1.1.1.4,Apple iOS_NC_1.1.1,109,4,8,105,1/3/2025
110,DR_Notifications not received visits,Apple iOS,Notifi_center Visits with no new notifications,NOTIFICATION CENTER,NC,,Notifi_center Visits with no new notifications,,,,Apple iOS_NC_1.2,Apple iOS_NC_1,110,2,8,103,1/3/2025
111,DR_Notification Viewed with no new notifications,Apple iOS,with no new notifi Viewed,NOTIFICATION CENTER,NC,,,,with no new notifi Viewed,,Apple iOS_NC_1.2.0.1,Apple iOS_NC_1.2.0,111,4,8,,1/3/2025
112,DR_Notification Declined with no new notification,Apple iOS,with no new notifi Declined,NOTIFICATION CENTER,NC,,,,with no new notifi Declined,,Apple iOS_NC_1.2.0.2,Apple iOS_NC_1.2.0,112,4,8,,1/3/2025
113,DR_Notification accepted with no new notifications,Apple iOS,with no new notifi Accepted,NOTIFICATION CENTER,NC,,,,with no new notifi Accepted,,Apple iOS_NC_1.2.0.3,Apple iOS_NC_1.2.0,113,4,8,,1/3/2025
114,DR_No action on no new notifications,Apple iOS,with no new notifi No Action,NOTIFICATION CENTER,NC,,,,with no new notifi No Action,,Apple iOS_NC_1.2.0.4,Apple iOS_NC_1.2.0,114,4,8,,1/3/2025
115,DR_Visits,Apple iOS,Visits,OVER ALL,OA,Visits,,,,,Apple iOS_OA_1,,115,1,9,,1/3/2025
116,Unique Visitors,Apple iOS,Visitors,OVER ALL,OA,,,,,,,,116,1,9,,1/3/2025
117,Page Views,Apple iOS,Page Views,OVER ALL,OA,,,,,,,,117,1,9,,1/3/2025
118,Average Time Spent on Page,Apple iOS,Average Time Spent (mins),OVER ALL,OA,,,,,,,,118,1,9,,1/3/2025
119,DR_New Visitors,Apple iOS,New Visitors,OVER ALL,OA,,New Visitors,,,,Apple iOS_OA_1.1,Apple iOS_OA_1,119,2,9,115,1/3/2025
120,DR_Server Errors,Apple iOS,Server Errors,OVER ALL,OA,,Server Errors,,,,Apple iOS_OA_1.2,Apple iOS_OA_1,120,2,9,115,1/3/2025
121,DR_Overall Chat,Apple iOS,Visits to Chat,OVER ALL,OA,,Visits to Chat,,,,Apple iOS_OA_1.3,Apple iOS_OA_1,121,2,9,115,1/3/2025
122,DR_continuing chat from new chat page,Apple iOS,Continuing chat from new chat page,OVER ALL,OA,,,,,,,,122,1,9,,1/3/2025
123,DR_Message Us,Apple iOS,Visits to Chat (Bot),OVER ALL,OA,,Visits to Chat (Bot),,,,Apple iOS_OA_1.4,Apple iOS_OA_1,123,2,9,115,1/3/2025
124,DR_Agent Chat,Apple iOS,Visits to Agent Chat (Skip bot),OVER ALL,OA,,Visits to Agent Chat (Skip bot),,,,Apple iOS_OA_1.5,Apple iOS_OA_1,124,2,9,115,1/3/2025
125,DR_Self Service Initiated,Apple iOS,Visits to Self Service Features,OVER ALL,OA,,Visits to Self Service Features,,,,Apple iOS_OA_1.6,Apple iOS_OA_1,125,2,9,115,1/3/2025
126,DR_CoxApp | Visits with Chat and No Self Service Initiated,Apple iOS,Visits with Chat but No Self Service,OVER ALL,OA,,Visits with Chat but No Self Service,,,,Apple iOS_OA_1.7,Apple iOS_OA_1,126,2,9,115,1/3/2025
127,DR_CoxApp | Visits with No Self Service and No Chat,Apple iOS,Visits with Neither Self Service nor Chat,OVER ALL,OA,,Visits with Neither Self Service nor Chat,,,,Apple iOS_OA_1.8,Apple iOS_OA_1,127,2,9,115,1/3/2025
128,DR_CoxApp | Visits not logged in,Apple iOS,Not Logged-in Visits,OVER ALL,OA,,Not Logged-in Visits,,,,Apple iOS_OA_1.9,Apple iOS_OA_1,128,2,9,115,1/3/2025
129,DR_Native Registration Home Page,Apple iOS,Visits to Registration Home Page,RE GISTRATION (NATIVE),RG(,Visits to Registration Home Page,,,,,Apple iOS_RG(_1,,129,1,10,,1/3/2025
130,DR_Native Registration Confirmation,Apple iOS,New Registrations,RE GISTRATION (NATIVE),RG(,,New Registrations,,,,Apple iOS_RG(_1.1,Apple iOS_RG(_1,130,2,10,129,1/3/2025
131,DR_Native Registration - Already Registered,Apple iOS,Already Registered,RE GISTRATION (NATIVE),RG(,,Already Registered,,,,Apple iOS_RG(_1.2,Apple iOS_RG(_1,131,2,10,129,1/3/2025
132,DR_Native Registration - Did not Registered,Apple iOS,Did not Register,RE GISTRATION (NATIVE),RG(,,Did not Register,,,,Apple iOS_RG(_1.3,Apple iOS_RG(_1,132,2,10,129,1/3/2025
133,DR_Native Registration - Server Form Errors,Apple iOS,Reg_native Server Errors,RE GISTRATION (NATIVE),RG(,,Reg_native Server Errors,,,,Apple iOS_RG(_1.4,Apple iOS_RG(_1,133,2,10,129,1/3/2025
134,DR_CoxApp | Chat from Registration Flow,Apple iOS,Reg_native Interacted with Chat,RE GISTRATION (NATIVE),RG(,,Reg_native Interacted with Chat,,,,Apple iOS_RG(_1.5,Apple iOS_RG(_1,134,2,10,129,1/3/2025
135,DR_Native Registration - Intent to Register,Apple iOS,Intent to Register,RE GISTRATION (NATIVE),RG(,Intent to Register,,,,,Apple iOS_RG(_2,,135,1,10,,1/3/2025
136,DR_Native Registration Success,Apple iOS,Funnel Success Rate,RE GISTRATION (NATIVE),RG(,,Funnel Success Rate,,,,Apple iOS_RG(_2.1,Apple iOS_RG(_2,136,2,10,135,1/3/2025
137,DR_Native Registration - Phone Lookup,Apple iOS,Phone Lookup,RE GISTRATION (NATIVE),RG(,Phone Lookup,,,,,Apple iOS_RG(_3,,137,1,10,,1/3/2025
138,DR_Native Registration - Phone Lookup Success,Apple iOS,Phone Lookup Success Rate,RE GISTRATION (NATIVE),RG(,,Phone Lookup Success Rate,,,,Apple iOS_RG(_3.1,Apple iOS_RG(_3,138,2,10,137,1/3/2025
139,DR_Native Registration - Email Lookup,Apple iOS,Email Lookup,RE GISTRATION (NATIVE),RG(,Email Lookup,,,,,Apple iOS_RG(_4,,139,1,10,,1/3/2025
140,DR_Native Registration - Email Lookup Success,Apple iOS,Email Lookup Success Rate,RE GISTRATION (NATIVE),RG(,,Email Lookup Success Rate,,,,Apple iOS_RG(_4.1,Apple iOS_RG(_4,140,2,10,139,1/3/2025
141,DR_Reset Modem - Home Page,Apple iOS,Reset Modem Start Page Visits,RESET MODEM,RM,Reset Modem Start Page Visits,,,,,Apple iOS_RM_1,,141,1,11,,1/3/2025
142,DR_Reset Modem - Started Rebooting Process,Apple iOS,Started Reset Process,RESET MODEM,RM,,Started Reset Process,,,,Apple iOS_RM_1.1,Apple iOS_RM_1,142,2,11,141,1/3/2025
143,DR_Reset Modem - Rebooting Complete,Apple iOS,Reset Process Complete,RESET MODEM,RM,,,Reset Process Complete,,,Apple iOS_RM_1.1.1,Apple iOS_RM_1.1,143,3,11,142,1/3/2025
144,DR_Reset Modem - Rebooting Incomplete,Apple iOS,Reset Process Incomplete,RESET MODEM,RM,,,Reset Process Incomplete,,,Apple iOS_RM_1.1.2,Apple iOS_RM_1.1,144,3,11,142,1/3/2025
145,DR_Reset Modem - Agent Chat,Apple iOS,Reset_Modem Interacted with Chat,RESET MODEM,RM,,,Reset_Modem Interacted with Chat,,,Apple iOS_RM_1.1.3,Apple iOS_RM_1.1,145,3,11,142,1/3/2025
146,DR_Reset Modem - Error Outage,Apple iOS,Error Outage,RESET MODEM,RM,,Error Outage,,,,Apple iOS_RM_1.2,Apple iOS_RM_1,146,2,11,141,1/3/2025
147,DR_Reset Modem Error - Non Pay,Apple iOS,Non Pay Error,RESET MODEM,RM,,Non Pay Error,,,,Apple iOS_RM_1.3,Apple iOS_RM_1,147,2,11,141,1/3/2025
148,DR_Reset Modem Error -DMCA,Apple iOS,DMCA Error,RESET MODEM,RM,,DMCA Error,,,,Apple iOS_RM_1.4,Apple iOS_RM_1,148,2,11,141,1/3/2025
149,DR_Reset Tvbox - Home Page,Apple iOS,Reset TV Box Start Page Visits,RESET TV BOX,RTB,Reset TV Box Start Page Visits,,,,,Apple iOS_RTB_1,,149,1,12,,1/3/2025
150,DR_Reset Tvbox - Rebooting,Apple iOS,Reset_TV Started Reset Process,RESET TV BOX,RTB,,Reset_TV Started Reset Process,,,,Apple iOS_RTB_1.1,Apple iOS_RTB_1,150,2,12,149,1/3/2025
151,DR_Reset Tvbox - Complete,Apple iOS,Reset_TV Process Complete,RESET TV BOX,RTB,,,Reset_TV Process Complete,,,Apple iOS_RTB_1.1.1,Apple iOS_RTB_1.1,151,3,12,150,1/3/2025
152,DR_Reset Tvbox - Incomplete,Apple iOS,Reset_TV Process Incomplete,RESET TV BOX,RTB,,,Reset_TV Process Incomplete,,,Apple iOS_RTB_1.1.2,Apple iOS_RTB_1.1,152,3,12,150,1/3/2025
153,DR_Reset Tvbox - Agent Chat,Apple iOS,Reset_TV Interacted with Chat,RESET TV BOX,RTB,,,Reset_TV Interacted with Chat,,,Apple iOS_RTB_1.1.3,Apple iOS_RTB_1.1,153,3,12,150,1/3/2025
154,DR_Reset Tvbox - Error Outage,Apple iOS,Reset_TV Error Outage,RESET TV BOX,RTB,,Reset_TV Error Outage,,,,Apple iOS_RTB_1.2,Apple iOS_RTB_1,154,2,12,149,1/3/2025
155,DR_Reset Tvbox Error - Non Pay,Apple iOS,Reset_TV Non Pay Error,RESET TV BOX,RTB,,Reset_TV Non Pay Error,,,,Apple iOS_RTB_1.3,Apple iOS_RTB_1,155,2,12,149,1/3/2025
156,DR_Reset Tvbox Error - DMCA,Apple iOS,Reset_TV DMCA Error,RESET TV BOX,RTB,,Reset_TV DMCA Error,,,,Apple iOS_RTB_1.4,Apple iOS_RTB_1,156,2,12,149,1/3/2025
157,DR_Alert Type Visits,Apple iOS,Visits with Service Alert,SERVICE ALERT,SA,Visits with Service Alert,,,,,Apple iOS_SA_1,,157,1,13,,1/3/2025
158,DR_Outage Alert,Apple iOS,Service_alert Outage,SERVICE ALERT,SA,,Service_alert Outage,,,,Apple iOS_SA_1.1,Apple iOS_SA_1,158,2,13,157,1/3/2025
159,Dr_Campaign Rolloff Alert,Apple iOS,Service_alert Campaign Rolloff,SERVICE ALERT,SA,,Service_alert Campaign Rolloff,,,,Apple iOS_SA_1.2,Apple iOS_SA_1,159,2,13,157,1/3/2025
160,Dr_NonPay Suspension Alert,Apple iOS,Service_alert NonPay Suspension,SERVICE ALERT,SA,,Service_alert NonPay Suspension,,,,Apple iOS_SA_1.3,Apple iOS_SA_1,160,2,13,157,1/3/2025
161,Dr_Network Construction Alert,Apple iOS,Service_alert Network Construction,SERVICE ALERT,SA,,Service_alert Network Construction,,,,Apple iOS_SA_1.4,Apple iOS_SA_1,161,2,13,157,1/3/2025
162,Dr_DMCA Termination Alert,Apple iOS,Service_alert DMCA Termination,SERVICE ALERT,SA,,Service_alert DMCA Termination,,,,Apple iOS_SA_1.5,Apple iOS_SA_1,162,2,13,157,1/3/2025
163,server:error:CC-CLIENT_ERROR,Apple iOS,,SERVER ERRORS,SE,,,,,,,,163,1,14,,1/3/2025
164,server:error:CC-NO-INTERNET,Apple iOS,,SERVER ERRORS,SE,,,,,,,,164,1,14,,1/3/2025
165,server:error:CC-INTERNAL_ERROR,Apple iOS,,SERVER ERRORS,SE,,,,,,,,165,1,14,,1/3/2025
166,server:error:CC-PAYMENT_AUTH_FAILED,Apple iOS,,SERVER ERRORS,SE,,,,,,,,166,1,14,,1/3/2025
167,server:error:unable_to_retrieve_data_usage_information_at_this_time.,Apple iOS,,SERVER ERRORS,SE,,,,,,,,167,1,14,,1/3/2025
168,server:error:CC-ACCOUNT_NOT_FOUND,Apple iOS,,SERVER ERRORS,SE,,,,,,,,168,1,14,,1/3/2025
169,server:error:CC-USERNAME-ALREADY-EXISTS,Apple iOS,,SERVER ERRORS,SE,,,,,,,,169,1,14,,1/3/2025
170,server:error:CC-PASSWORD_DENIED,Apple iOS,,SERVER ERRORS,SE,,,,,,,,170,1,14,,1/3/2025
171,server:error:CC-SECURITY_TOKEN_NOT_FOUND,Apple iOS,,SERVER ERRORS,SE,,,,,,,,171,1,14,,1/3/2025
172,server:error:CC-PAYMENT_UNKNOWN_ERROR,Apple iOS,,SERVER ERRORS,SE,,,,,,,,172,1,14,,1/3/2025
173,server:error:CC-DUPLICATE_PAYMENT,Apple iOS,,SERVER ERRORS,SE,,,,,,,,173,1,14,,1/3/2025
174,server:error:CC-INVALID_ZIPCODE,Apple iOS,,SERVER ERRORS,SE,,,,,,,,174,1,14,,1/3/2025
175,server:error:CC-PRIMARY-IDENTITY-ALREADY-EXISTS,Apple iOS,,SERVER ERRORS,SE,,,,,,,,175,1,14,,1/3/2025
176,server:error:CC-INVALID_CVV,Apple iOS,,SERVER ERRORS,SE,,,,,,,,176,1,14,,1/3/2025
177,server:error:CC-INVALID_CARD_NUMBER,Apple iOS,,SERVER ERRORS,SE,,,,,,,,177,1,14,,1/3/2025
178,server:error:CC-APPOINTMENT-SLOT-ERROR,Apple iOS,,SERVER ERRORS,SE,,,,,,,,178,1,14,,1/3/2025
179,server:error:CC-PAYMENT_METHOD_RESTRICTED,Apple iOS,,SERVER ERRORS,SE,,,,,,,,179,1,14,,1/3/2025
180,server:error:CC-INVALID_ROUTING_NUMBER,Apple iOS,,SERVER ERRORS,SE,,,,,,,,180,1,14,,1/3/2025
181,server:error:CC-SECURE_TOKEN_ALREADY_VERIFIED,Apple iOS,,SERVER ERRORS,SE,,,,,,,,181,1,14,,1/3/2025
182,server:error:CC-VALIDATION_ERROR,Apple iOS,,SERVER ERRORS,SE,,,,,,,,182,1,14,,1/3/2025
183,DR_SmartHelp - Landing Page,Apple iOS,Devices Page Visits,SMART HELP,SH,Devices Page Visits,,,,,Apple iOS_SH_1,,183,1,15,,1/3/2025
184,DR_SmartHelp - Started,Apple iOS,Started Troubleshooting (Solution Center),SMART HELP,SH,,Started Troubleshooting (Solution Center),,,,Apple iOS_SH_1.1,Apple iOS_SH_1,184,2,15,183,1/3/2025
185,DR_SmartHelp - Result,Apple iOS,Saw a Result,SMART HELP,SH,,,Saw a Result,,,Apple iOS_SH_1.1.1,Apple iOS_SH_1.1,185,3,15,184,1/3/2025
186,DR_SmartHelp Result - Unknown,Apple iOS,1st common reason (Unknown),SMART HELP,SH,,,,1st common reason (Unknown),,Apple iOS_SH_1.1.1.1,Apple iOS_SH_1.1.1,186,4,15,185,1/3/2025
187,DR_SmartHelp Result - Disconnected,Apple iOS,2nd common reason (Disconnected),SMART HELP,SH,,,,2nd common reason (Disconnected),,Apple iOS_SH_1.1.1.2,Apple iOS_SH_1.1.1,187,4,15,185,1/3/2025
188,DR_SmartHelp Result - Incomplete Install,Apple iOS,3rd common reason (Incomplete Install),SMART HELP,SH,,,,3rd common reason (Incomplete Install),,Apple iOS_SH_1.1.1.3,Apple iOS_SH_1.1.1,188,4,15,185,1/3/2025
189,DR_SmartHelp - Reboot Flow Started,Apple iOS,Did a Device Reboot,SMART HELP,SH,,Did a Device Reboot,,,,Apple iOS_SH_1.2,Apple iOS_SH_1,189,2,15,183,1/3/2025
190,DR_SmartHelp - P&P,Apple iOS,Started Proactive and Preventive (P&P),SMART HELP,SH,,Started Proactive and Preventive (P&P),,,,Apple iOS_SH_1.3,Apple iOS_SH_1,190,2,15,183,1/3/2025
191,DR_Smarthelp P&P - Let's troubleshoot together,Apple iOS,Started P&P troubleshooting,SMART HELP,SH,,,Started P&P troubleshooting,,,Apple iOS_SH_1.3.1,Apple iOS_SH_1.3,191,3,15,190,1/3/2025
192,DR_Smarthelp P&P - Reset Complete,Apple iOS,Smarthelp Reset Complete,SMART HELP,SH,,,Smarthelp Reset Complete,,,Apple iOS_SH_1.3.2,Apple iOS_SH_1.3,192,3,15,190,1/3/2025
193,DR_Smarthelp P&P - Let's schedule a technician visit,Apple iOS,Schedule Tech,SMART HELP,SH,,,Schedule Tech,,,Apple iOS_SH_1.3.3,Apple iOS_SH_1.3,193,3,15,190,1/3/2025
194,DR_Smarthelp P&P - Connect with a support agent,Apple iOS,Connect with Agent,SMART HELP,SH,,,Connect with Agent,,,Apple iOS_SH_1.3.4,Apple iOS_SH_1.3,194,3,15,190,1/3/2025
195,DR_Smarthelp P&P - Interacted with Chat Agent,Apple iOS,Smarthelp_P&P Interacted with Chat,SMART HELP,SH,,,Smarthelp_P&P Interacted with Chat,,,Apple iOS_SH_1.3.5,Apple iOS_SH_1.3,195,3,15,190,1/3/2025
196,DR_SmartHelp - Billing & Account Support,Apple iOS,Clicked Billing & Account Support,SMART HELP,SH,,Clicked Billing & Account Support,,,,Apple iOS_SH_1.4,Apple iOS_SH_1,196,2,15,183,1/3/2025
197,DR_SmartHelp - Internet Support,Apple iOS,Clicked Internet Support,SMART HELP,SH,,Clicked Internet Support,,,,Apple iOS_SH_1.5,Apple iOS_SH_1,197,2,15,183,1/3/2025
198,DR_SmartHelp - TV Support,Apple iOS,Clicked TV Support,SMART HELP,SH,,Clicked TV Support,,,,Apple iOS_SH_1.6,Apple iOS_SH_1,198,2,15,183,1/3/2025
199,DR_SmartHelp - Homelife Support,Apple iOS,Clicked Homelife Support,SMART HELP,SH,,Clicked Homelife Support,,,,Apple iOS_SH_1.7,Apple iOS_SH_1,199,2,15,183,1/3/2025
200,DR_SmartHelp - Agent Chat,Apple iOS,Smarthelp_Interacted with Chat,SMART HELP,SH,,Smarthelp_Interacted with Chat,,,,Apple iOS_SH_1.8,Apple iOS_SH_1,200,2,15,183,1/3/2025
201,DR_Support Home,Apple iOS,Support Home Visits,S UPPORT,SU,Support Home Visits,,,,,Apple iOS_SU_1,,201,1,16,,1/3/2025
202,DR_Support - Internet,Apple iOS,Support Internet Support,S UPPORT,SU,,Support Internet Support,,,,Apple iOS_SU_1.1,Apple iOS_SU_1,202,2,16,201,1/3/2025
203,DR_Support - Billing and Account,Apple iOS,Billing & Account Support,S UPPORT,SU,,Billing & Account Support,,,,Apple iOS_SU_1.2,Apple iOS_SU_1,203,2,16,201,1/3/2025
204,DR_Support - Billing,Apple iOS,Billing Support,S UPPORT,SU,,Billing Support,,,,Apple iOS_SU_1.3,Apple iOS_SU_1,204,2,16,201,1/3/2025
205,DR_Support - Account,Apple iOS,Account Support,S UPPORT,SU,,Account Support,,,,Apple iOS_SU_1.4,Apple iOS_SU_1,205,2,16,201,1/3/2025
206,DR_Support - TV,Apple iOS,Support TV Support,S UPPORT,SU,,Support TV Support,,,,Apple iOS_SU_1.5,Apple iOS_SU_1,206,2,16,201,1/3/2025
207,DR_Support - Homelife,Apple iOS,Support Homelife Support,S UPPORT,SU,,Support Homelife Support,,,,Apple iOS_SU_1.6,Apple iOS_SU_1,207,2,16,201,1/3/2025
208,DR_Support - Mobile,Apple iOS,Support Mobile Support,S UPPORT,SU,,Support Mobile Support,,,,Apple iOS_SU_1.7,Apple iOS_SU_1,208,2,16,201,1/3/2025
209,DR_Support - Read an Article,Apple iOS,Read an Article,S UPPORT,SU,,Read an Article,,,,Apple iOS_SU_1.8,Apple iOS_SU_1,209,2,16,201,1/3/2025
210,DR_Support - Search,Apple iOS,Support Search,S UPPORT,SU,,Support Search,,,,Apple iOS_SU_1.9,Apple iOS_SU_1,210,2,16,201,1/3/2025
211,DR_Support - Click on Exit Link,Apple iOS,Went to External Link,S UPPORT,SU,,Went to External Link,,,,Apple iOS_SU_1.10,Apple iOS_SU_1,211,2,16,201,1/3/2025
212,DR_Support - App Feedback,Apple iOS,App Feedback,S UPPORT,SU,,App Feedback,,,,Apple iOS_SU_1.11,Apple iOS_SU_1,212,2,16,201,1/3/2025
213,DR_Support - Agent chat started,Apple iOS,Support Interacted with Chat,S UPPORT,SU,,Support Interacted with Chat,,,,Apple iOS_SU_1.12,Apple iOS_SU_1,213,2,16,201,1/3/2025
214,DR_TSV Enrollment Home Page,Apple iOS,Visits to TSV Home Page,TWO-STEP VERIFICATION,TV,Visits to TSV Home Page,,,,,Apple iOS_TV_1,,214,1,17,,1/3/2025
215,DR_TSV | Intent to Enrollment,Apple iOS,TSV Enrollment Page,TWO-STEP VERIFICATION,TV,,TSV Enrollment Page,,,,Apple iOS_TV_1.1,Apple iOS_TV_1,215,2,17,214,1/3/2025
216,DR_TSV Enrollment - Success,Apple iOS,TSV Overall Success Rate,TWO-STEP VERIFICATION,TV,,TSV Overall Success Rate,,,,Apple iOS_TV_1.2,Apple iOS_TV_1,216,2,17,214,1/3/2025
217,DR_TSV Enrollment - Update,Apple iOS,TSV Update,TWO-STEP VERIFICATION,TV,,TSV Update,,,,Apple iOS_TV_1.3,Apple iOS_TV_1,217,2,17,214,1/3/2025
218,DR_TSV Enrollment - Server Errors,Apple iOS,TSV Server Errors,TWO-STEP VERIFICATION,TV,,TSV Server Errors,,,,Apple iOS_TV_1.4,Apple iOS_TV_1,218,2,17,214,1/3/2025
219,DR_TSV Enrollment - Phone text,Apple iOS,TSV Phone Text,TWO-STEP VERIFICATION,TV,TSV Phone Text,,,,,Apple iOS_TV_2,,219,1,17,,1/3/2025
220,DR_TSV Enrollment - Phone text Success,Apple iOS,TSV Text Success Rate,TWO-STEP VERIFICATION,TV,,TSV Text Success Rate,,,,Apple iOS_TV_2.1,Apple iOS_TV_2,220,2,17,219,1/3/2025
221,DR_TSV Enrollment - Phone call,Apple iOS,TSV Phone Call,TWO-STEP VERIFICATION,TV,TSV Phone Call,,,,,Apple iOS_TV_3,,221,1,17,,1/3/2025
222,DR_TSV Enrollment - Phone call Success,Apple iOS,TSV Call Success Rate,TWO-STEP VERIFICATION,TV,,TSV Call Success Rate,,,,Apple iOS_TV_3.1,Apple iOS_TV_3,222,2,17,221,1/3/2025
223,DR_TSV Enrollment - Email,Apple iOS,TSV Email Text,TWO-STEP VERIFICATION,TV,TSV Email Text,,,,,Apple iOS_TV_4,,223,1,17,,1/3/2025
224,DR_TSV Enrollment - Email Success,Apple iOS,TSV Email Success Rate,TWO-STEP VERIFICATION,TV,,TSV Email Success Rate,,,,Apple iOS_TV_4.1,Apple iOS_TV_4,224,2,17,223,1/3/2025
225,www.cox.com/residential/mobile/deals.html?sc_id=cr_mobile_app_z_coxapp_z_swrve_emb_mobile_holidays_b,Apple iOS,,U R L,URL,,,,,,,,225,1,18,,1/3/2025
226,www.cox.com/residential/mobile/deals.html?sc_id=cr_mobile_app_z_coxapp_z_swrve_emb_mobile_holidays_2,Apple iOS,,U R L,URL,,,,,,,,226,1,18,,1/3/2025
227,www.cox.com/mobile-shop/devices/apple?sc_id=cr_mobile_app_z_coxapp_z_swrve_emb_mobile_iphone16_ga,Apple iOS,,U R L,URL,,,,,,,,227,1,18,,1/3/2025
228,www.cox.com/mobile-shop/check-device-compatibility.html&sc_id=cr_mobile_app_z_coxapp_z_swrve_emb_mob,Apple iOS,,U R L,URL,,,,,,,,228,1,18,,1/3/2025
229,www.cox.com/mobile-shop/device/motorola-moto-g-play-2024_sapphire-blue?storage=64gb&sc_id=cr_mobile_,Apple iOS,,U R L,URL,,,,,,,,229,1,18,,1/3/2025
230,www.cox.com/residential/refer-a-friend.html?&sc_id=cr_mobile_app_z_coxapp_z_swrve_emb_extole,Apple iOS,,U R L,URL,,,,,,,,230,1,18,,1/3/2025
231,www.cox.com/mobile-shop/devices/apple&sc_id=cr_mobile_app_z_coxapp_z_swrve_emb_mobile_iphone16_PO,Apple iOS,,U R L,URL,,,,,,,,231,1,18,,1/3/2025
232,www.cox.com/residential-shop/repackage-landing.html?sc_id=cr_mobile_app_z_coxapp_z_swrve_push_cro45,Apple iOS,,U R L,URL,,,,,,,,232,1,18,,1/3/2025
233,www.cox.com/residential/move.html?sc_id=cr_mobile_app_z_coxapp_z_swrve_inapp,Apple iOS,,U R L,URL,,,,,,,,233,1,18,,1/3/2025
234,www.cox.com/residential-shop/repackage-landing.html?sc_id=cr_mobile_app_z_coxapp_z_swrve_push_cro00,Apple iOS,,U R L,URL,,,,,,,,234,1,18,,1/3/2025
235,www.cox.com/residential-shop/repackage-landing.html?sc_id=cr_mobile_app_z_coxapp_z_swrve_push_cro21,Apple iOS,,U R L,URL,,,,,,,,235,1,18,,1/3/2025
236,www.cox.com/mobile-shop/devices?brand=apple?intercept=false&sc_id=cr_mobile_app_z_coxapp_z_swrve_emb,Apple iOS,,U R L,URL,,,,,,,,236,1,18,,1/3/2025
237,DR_Visits to Billing Home,Google Android,Billing Section Visits,BIL LING,BL,Billing Section Visits,,,,,Google Android_BL_1,,1,1,1,,1/3/2025
238,DR_Billing Make a Payment,Google Android,Make Payments,BIL LING,BL,,Make Payments,,,,Google Android_BL_1.1,Google Android_BL_1,2,2,1,237,1/3/2025
239,DR_Client Errors on Make Payment,Google Android,Client Errors on Payment Page,BIL LING,BL,,,Client Errors on Payment Page,,,Google Android_BL_1.1.1,Google Android_BL_1.1,3,3,1,238,1/3/2025
240,DR_Server Errors on Make Payment,Google Android,Server Errors on Payment Page,BIL LING,BL,,,Server Errors on Payment Page,,,Google Android_BL_1.1.2,Google Android_BL_1.1,4,3,1,238,1/3/2025
241,DR_Payment Submit,Google Android,Payment Submit,BIL LING,BL,,Payment Submit,,,,Google Android_BL_1.2,Google Android_BL_1,5,2,1,237,1/3/2025
242,DR_Payments,Google Android,Payment Success Rate,BIL LING,BL,,,Payment Success Rate,,,Google Android_BL_1.2.1,Google Android_BL_1.2,6,3,1,241,1/3/2025
243,DR_Promise to Pay,Google Android,Promise to Pay - Linkout,BIL LING,BL,,Promise to Pay - Linkout,,,,Google Android_BL_1.3,Google Android_BL_1,7,2,1,237,1/3/2025
244,DR_Promise to Pay (Native),Google Android,Promise to Pay - Native,BIL LING,BL,,Promise to Pay - Native,,,,Google Android_BL_1.4,Google Android_BL_1,8,2,1,237,1/3/2025
245,DR_CoxApp | Billing - Additional time to pay (Link out),Google Android,Additional time to pay - Linkout,BIL LING,BL,,,Additional time to pay - Linkout,,,Google Android_BL_1.4.1,Google Android_BL_1.4,9,3,1,244,1/3/2025
246,DR_CoxApp | Billing - Future date payment (Link out),Google Android,Future date payment - Linkout,BIL LING,BL,,,Future date payment - Linkout,,,Google Android_BL_1.4.2,Google Android_BL_1.4,10,3,1,244,1/3/2025
247,DR_Billing - View Bill Details,Google Android,Bill Downloads,BIL LING,BL,,Bill Downloads,,,,Google Android_BL_1.5,Google Android_BL_1,11,2,1,237,1/3/2025
248,DR_Billing - Activity & Statements,Google Android,Activity & Statements,BIL LING,BL,,Activity & Statements,,,,Google Android_BL_1.6,Google Android_BL_1,12,2,1,237,1/3/2025
249,DR_Billing - Automatic Payments,Google Android,Easy Pay Enrollments,BIL LING,BL,,Easy Pay Enrollments,,,,Google Android_BL_1.7,Google Android_BL_1,13,2,1,237,1/3/2025
250,DR_Billing - Manage Payment Methods,Google Android,Payment Method Changes,BIL LING,BL,,Payment Method Changes,,,,Google Android_BL_1.8,Google Android_BL_1,14,2,1,237,1/3/2025
251,DR_Billing - Agreements & Discounts,Google Android,Agreement & Discounts,BIL LING,BL,,Agreement & Discounts,,,,Google Android_BL_1.9,Google Android_BL_1,15,2,1,237,1/3/2025
252,DR_Billing - Bill Delivery,Google Android,Bill Delivery Options,BIL LING,BL,,Bill Delivery Options,,,,Google Android_BL_1.10,Google Android_BL_1,16,2,1,237,1/3/2025
253,DR_Billing - Edit Billing Address,Google Android,Address Changes,BIL LING,BL,,Address Changes,,,,Google Android_BL_1.11,Google Android_BL_1,17,2,1,237,1/3/2025
254,DR_Billing - Move My Service,Google Android,Move Service,BIL LING,BL,,Move Service,,,,Google Android_BL_1.12,Google Android_BL_1,18,2,1,237,1/3/2025
255,DR_Billing visits to chat,Google Android,Billing_Interacted with chat,BIL LING,BL,,Billing_Interacted with chat,,,,Google Android_BL_1.13,Google Android_BL_1,19,2,1,237,1/3/2025
256,DR_Wireless Service,Google Android,Visits from 'Cox Mobile' users,COX MOBILE,CM,Visits from 'Cox Mobile' users,,,,,Google Android_CM_1,,20,1,2,,1/3/2025
257,DR_Mymobile HomePage Visits,Google Android,Coxmob Line Detail Page,COX MOBILE,CM,,Coxmob Line Detail Page,,,,Google Android_CM_1.1,Google Android_CM_1,21,2,2,256,1/3/2025
258,DR_Mobile Lock Enabled,Google Android,,COX MOBILE,CM,,,,,,,,22,1,2,,1/3/2025
259,DR_Mobile Lock Disabled,Google Android,,COX MOBILE,CM,,,,,,,,23,1,2,,1/3/2025
260,DR_Change Status Exit link,Google Android,Coxmob Change Status External Link,COX MOBILE,CM,,,Coxmob Change Status External Link,,,Google Android_CM_1.1.1,Google Android_CM_1.1,24,3,2,257,1/3/2025
261,DR_Add a Line,Google Android,Coxmob Add a Line,COX MOBILE,CM,,,Coxmob Add a Line,,,Google Android_CM_1.1.2,Google Android_CM_1.1,25,3,2,257,1/3/2025
262,DR_Change your Plan,Google Android,Coxmob Change  Plan - linkout,COX MOBILE,CM,,,Coxmob Change  Plan - linkout,,,Google Android_CM_1.1.3,Google Android_CM_1.1,26,3,2,257,1/3/2025
263,DR_Change Plan - New,Google Android,Coxmob Change Plan - Native,COX MOBILE,CM,,,Coxmob Change Plan - Native,,,Google Android_CM_1.1.4,Google Android_CM_1.1,27,3,2,257,1/3/2025
264,DR_Change plan - Account Restrictions,Google Android,Coxmob Account Restrictions,COX MOBILE,CM,,,,Coxmob Account Restrictions,,Google Android_CM_1.1.4.1,Google Android_CM_1.1.4,28,4,2,263,1/3/2025
265,DR_Change plan Confirmation,Google Android,Coxmob Plan Purchased,COX MOBILE,CM,,,,Coxmob Plan Purchased,,Google Android_CM_1.1.4.2,Google Android_CM_1.1.4,29,4,2,263,1/3/2025
266,DR_Change Plan - Pay as Gig,Google Android,Coxmob Gig Plan,COX MOBILE,CM,,,,,Coxmob Gig Plan,Google Android_CM_1.1.4.2.1,Google Android_CM_1.1.4.2,30,5,2,265,1/3/2025
267,DR_Change Plan - Unlimited,Google Android,Coxmob Unlimited Plan,COX MOBILE,CM,,,,,Coxmob Unlimited Plan,Google Android_CM_1.1.4.2.2,Google Android_CM_1.1.4.2,31,5,2,265,1/3/2025
268,DR_Welcome Guide,Google Android,Coxmob Welcome Guide,COX MOBILE,CM,,,Coxmob Welcome Guide,,,Google Android_CM_1.1.5,Google Android_CM_1.1,32,3,2,257,1/3/2025
269,DR_Device Payment Plan,Google Android,Coxmob Device Payment Plan,COX MOBILE,CM,,,Coxmob Device Payment Plan,,,Google Android_CM_1.1.6,Google Android_CM_1.1,33,3,2,257,1/3/2025
270,DR_Insurance Claim,Google Android,File a Claim,COX MOBILE,CM,,,File a Claim,,,Google Android_CM_1.1.7,Google Android_CM_1.1,34,3,2,257,1/3/2025
271,DR_Opted for Pay as you Gig Plan,Google Android,Coxmob Pay as you Gig,COX MOBILE,CM,,,Coxmob Pay as you Gig,,,Google Android_CM_1.1.8,Google Android_CM_1.1,35,3,2,257,1/3/2025
272,DR_Opted for Gig Unlimited Plan,Google Android,Coxmob Gig Unlimited Plan,COX MOBILE,CM,,Coxmob Gig Unlimited Plan,,,,Google Android_CM_1.2,Google Android_CM_1,36,2,2,256,1/3/2025
273,DR_Mobile Billing Home,Google Android,Coxmob Billing Home,COX MOBILE,CM,,Coxmob Billing Home,,,,Google Android_CM_1.3,Google Android_CM_1,37,2,2,256,1/3/2025
274,DR_Mobile Billing - Additional Payment,Google Android,Coxmob Make Additional Payment,COX MOBILE,CM,,Coxmob Make Additional Payment,,,,Google Android_CM_1.4,Google Android_CM_1,38,2,2,256,1/3/2025
275,DR_Mobile Billing - Payment Method,Google Android,Coxmob Payment Method Changes,COX MOBILE,CM,,Coxmob Payment Method Changes,,,,Google Android_CM_1.5,Google Android_CM_1,39,2,2,256,1/3/2025
276,DR_Mobile Billing - Activity & Statements,Google Android,Coxmob Activity & Statements,COX MOBILE,CM,,Coxmob Activity & Statements,,,,Google Android_CM_1.6,Google Android_CM_1,40,2,2,256,1/3/2025
277,DR_Mobile Billing - Easypay Confirmation,Google Android,Coxmob Easypay Enrollment,COX MOBILE,CM,,Coxmob Easypay Enrollment,,,,Google Android_CM_1.7,Google Android_CM_1,41,2,2,256,1/3/2025
278,DR_Mobile Billing - Bill Delivery Confirmation,Google Android,Coxmob Bill Delivery Changes,COX MOBILE,CM,,Coxmob Bill Delivery Changes,,,,Google Android_CM_1.8,Google Android_CM_1,42,2,2,256,1/3/2025
279,DR_Wireless Support,Google Android,Coxmob Support Section,COX MOBILE,CM,,Coxmob Support Section,,,,Google Android_CM_1.9,Google Android_CM_1,43,2,2,256,1/3/2025
280,DR_Total Data Usage Visits,Google Android,Total Data Usage Visits,DATA USAGE,DU,Total Data Usage Visits,,,,,Google Android_DU_1,,44,1,3,,1/3/2025
281,DR_Data Plan upgrade,Google Android,Data Plan Upgrade,DATA USAGE,DU,,Data Plan Upgrade,,,,Google Android_DU_1.1,Google Android_DU_1,45,2,3,280,1/3/2025
282,DR_Data Usage Learn More,Google Android,Learn More,DATA USAGE,DU,,Learn More,,,,Google Android_DU_1.2,Google Android_DU_1,46,2,3,280,1/3/2025
283,DR_Data Usage Courtesy Credits,Google Android,Courtesy Credit,DATA USAGE,DU,,Courtesy Credit,,,,Google Android_DU_1.3,Google Android_DU_1,47,2,3,280,1/3/2025
284,DR_Total Data Usage >=75%,Google Android,Data usage >=75%,DATA USAGE,DU,,Data usage >=75%,,,,Google Android_DU_1.4,Google Android_DU_1,48,2,3,280,1/3/2025
285,DR_Total Data Usage >=100%,Google Android,Data usage >=100%,DATA USAGE,DU,,Data usage >=100%,,,,Google Android_DU_1.5,Google Android_DU_1,49,2,3,280,1/3/2025
286,DR_Data Usage - Agent Chat Started,Google Android,Data_usage Interacted with Chat,DATA USAGE,DU,,Data_usage Interacted with Chat,,,,Google Android_DU_1.6,Google Android_DU_1,50,2,3,280,1/3/2025
287,DR_Direct Ecomm Visits Traffic from to Cox.com,Google Android,Total Visits from web ecomm,E COMMERCE,EC,,,,,,,,51,1,4,,1/3/2025
288,DR_Direct Ecomm order Traffic sent from cox.com,Google Android,Total Orders from web ecomm,E COMMERCE,EC,,,,,,,,52,1,4,,1/3/2025
289,DR_Direct Ecomm Traffic sent from App to cox.com,Google Android,Visits sent from app to cox.com,E COMMERCE,EC,Visits sent from app to cox.com,,,,,Google Android_EC_1,,53,1,4,,1/3/2025
290,DR_Direct Ecomm order Traffic sent from App to cox.com,Google Android,Orders generated,E COMMERCE,EC,,,,,,,,54,1,4,,1/3/2025
291,DR_Data Plan Upgrade Ecomm Traffic sent from App to cox.com,Google Android,Data Usage,E COMMERCE,EC,,Data Usage,,,,Google Android_EC_1.1,Google Android_EC_1,55,2,4,289,1/3/2025
292,DR_Service Plan Upgrade Ecomm Traffic sent from App to cox.com,Google Android,Plan Changes,E COMMERCE,EC,,Plan Changes,,,,Google Android_EC_1.2,Google Android_EC_1,56,2,4,289,1/3/2025
293,DR_CRO Ecomm Traffic sent from App to cox.com,Google Android,CRO,E COMMERCE,EC,,CRO,,,,Google Android_EC_1.3,Google Android_EC_1,57,2,4,289,1/3/2025
294,DR_Transfer Ecomm Traffic sent from App to cox.com,Google Android,Transfer,E COMMERCE,EC,,Transfer,,,,Google Android_EC_1.4,Google Android_EC_1,58,2,4,289,1/3/2025
295,DR_Visits where One EC Card was shown,Google Android,Easy Connect Eligible Visits,EASY CON NECT,ECN,Easy Connect Eligible Visits,,,,,Google Android_ECN_1,,59,1,5,,1/3/2025
296,DR_EC Flow>Success,Google Android,Overall Success,EASY CON NECT,ECN,,Overall Success,,,,Google Android_ECN_1.1,Google Android_ECN_1,60,2,5,295,1/3/2025
297,DR_EC>Failure,Google Android,Overall Failure,EASY CON NECT,ECN,,Overall Failure,,,,Google Android_ECN_1.2,Google Android_ECN_1,61,2,5,295,1/3/2025
298,DR_EC Flow>Timeout,Google Android,Overall Timeout,EASY CON NECT,ECN,,Overall Timeout,,,,Google Android_ECN_1.3,Google Android_ECN_1,62,2,5,295,1/3/2025
299,DR_EC>No Result,Google Android,Overall No Result,EASY CON NECT,ECN,,Overall No Result,,,,Google Android_ECN_1.4,Google Android_ECN_1,63,2,5,295,1/3/2025
300,DR_Easy Connect - Started,Google Android,Started the Flow,EASY CON NECT,ECN,,Started the Flow,,,,Google Android_ECN_1.5,Google Android_ECN_1,64,2,5,295,1/3/2025
301,DR_Easy Connect Started - Success,Google Android,Success,EASY CON NECT,ECN,,,Success,,,Google Android_ECN_1.5.1,Google Android_ECN_1.5,65,3,5,300,1/3/2025
302,DR_Easy Connect Started - Failure,Google Android,Failure,EASY CON NECT,ECN,,,Failure,,,Google Android_ECN_1.5.2,Google Android_ECN_1.5,66,3,5,300,1/3/2025
303,DR_Easy Connect Started - Timeout,Google Android,Timeout,EASY CON NECT,ECN,,,Timeout,,,Google Android_ECN_1.5.3,Google Android_ECN_1.5,67,3,5,300,1/3/2025
304,DR_Easy Connect Started - No Result,Google Android,No Result,EASY CON NECT,ECN,,,No Result,,,Google Android_ECN_1.5.4,Google Android_ECN_1.5,68,3,5,300,1/3/2025
305,DR_Easy Connect - Started Agent Chat,Google Android,Easyconnect_Interacted with Chat,EASY CON NECT,ECN,,Easyconnect_Interacted with Chat,,,,Google Android_ECN_1.6,Google Android_ECN_1,69,2,5,295,1/3/2025
306,DR_Visits who did not Start EC Flow,Google Android,Did Not Start the Flow,EASY CON NECT,ECN,,Did Not Start the Flow,,,,Google Android_ECN_1.7,Google Android_ECN_1,70,2,5,295,1/3/2025
307,DR_Visits who did not Start EC Flow - Success,Google Android,Did_not Success,EASY CON NECT,ECN,,,Did_not Success,,,Google Android_ECN_1.7.1,Google Android_ECN_1.7,71,3,5,306,1/3/2025
308,DR_Visits who did not Start EC Flow - Failure,Google Android,Did_not Failure,EASY CON NECT,ECN,,,Did_not Failure,,,Google Android_ECN_1.7.2,Google Android_ECN_1.7,72,3,5,306,1/3/2025
309,DR_Visits who did not Start EC Flow - No Result,Google Android,Did_not No Result,EASY CON NECT,ECN,,,Did_not No Result,,,Google Android_ECN_1.7.3,Google Android_ECN_1.7,73,3,5,306,1/3/2025
310,DR_Easy Connect - Self install success,Google Android,,EASY CON NECT,ECN,,,,,,,,74,1,5,,1/3/2025
311,DR_Easy Connect - Self install Timeout,Google Android,,EASY CON NECT,ECN,,,,,,,,75,1,5,,1/3/2025
312,cancel,Google Android,,KEY WORDS,KW,,,,,,,,76,1,6,,1/3/2025
313,cancel service,Google Android,,KEY WORDS,KW,,,,,,,,77,1,6,,1/3/2025
314,modem,Google Android,,KEY WORDS,KW,,,,,,,,78,1,6,,1/3/2025
315,speed test,Google Android,,KEY WORDS,KW,,,,,,,,79,1,6,,1/3/2025
316,outage,Google Android,,KEY WORDS,KW,,,,,,,,80,1,6,,1/3/2025
317,bill,Google Android,,KEY WORDS,KW,,,,,,,,81,1,6,,1/3/2025
318,install,Google Android,,KEY WORDS,KW,,,,,,,,82,1,6,,1/3/2025
319,hotspot,Google Android,,KEY WORDS,KW,,,,,,,,83,1,6,,1/3/2025
320,outage map,Google Android,,KEY WORDS,KW,,,,,,,,84,1,6,,1/3/2025
321,email,Google Android,,KEY WORDS,KW,,,,,,,,85,1,6,,1/3/2025
322,activate,Google Android,,KEY WORDS,KW,,,,,,,,86,1,6,,1/3/2025
323,fiber,Google Android,,KEY WORDS,KW,,,,,,,,87,1,6,,1/3/2025
324,moving,Google Android,,KEY WORDS,KW,,,,,,,,88,1,6,,1/3/2025
325,upgrade,Google Android,,KEY WORDS,KW,,,,,,,,89,1,6,,1/3/2025
326,plans,Google Android,,KEY WORDS,KW,,,,,,,,90,1,6,,1/3/2025
327,outages,Google Android,,KEY WORDS,KW,,,,,,,,91,1,6,,1/3/2025
328,customer service,Google Android,,KEY WORDS,KW,,,,,,,,92,1,6,,1/3/2025
329,set up,Google Android,,KEY WORDS,KW,,,,,,,,93,1,6,,1/3/2025
330,speed,Google Android,,KEY WORDS,KW,,,,,,,,94,1,6,,1/3/2025
331,set up new modem,Google Android,,KEY WORDS,KW,,,,,,,,95,1,6,,1/3/2025
332,DR_Login Page Visits,Google Android,Login Page Visits,LOG IN,LI,Login Page Visits,,,,,Google Android_LI_1,,96,1,7,,1/3/2025
333,DR_Successful logins,Google Android,Login Success Rate,LOG IN,LI,,Login Success Rate,,,,Google Android_LI_1.1,Google Android_LI_1,97,2,7,332,1/3/2025
334,DR_Auto Logins,Google Android,Share of Auto Login (Remember/Biometrics),LOG IN,LI,,,Share of Auto Login (Remember/Biometrics),,,Google Android_LI_1.1.1,Google Android_LI_1.1,98,3,7,333,1/3/2025
335,DR_Clicks to MFA Verification,Google Android,with TSV,LOG IN,LI,,with TSV,,,,Google Android_LI_1.2,Google Android_LI_1,99,2,7,332,1/3/2025
336,DR_Clicks on Forgot User ID,Google Android,User ID Recovery,LOG IN,LI,,User ID Recovery,,,,Google Android_LI_1.3,Google Android_LI_1,100,2,7,332,1/3/2025
337,Clicks on Forgot Password,Google Android,Password Reset,LOG IN,LI,,Password Reset,,,,Google Android_LI_1.4,Google Android_LI_1,101,2,7,332,1/3/2025
338,DR_Need to Register,Google Android,Registration,LOG IN,LI,,Registration,,,,Google Android_LI_1.5,Google Android_LI_1,102,2,7,332,1/3/2025
339,DR_Notification status Exists,Google Android,Notifi_center Visits with Bell icon,NOTIFICATION CENTER,NC,Notifi_center Visits with Bell icon,,,,,Google Android_NC_1,,103,1,8,,1/3/2025
340,DR_Notification received visits,Google Android,Notifi_center Visits with new notifications,NOTIFICATION CENTER,NC,,Notifi_center Visits with new notifications,,,,Google Android_NC_1.1,Google Android_NC_1,104,2,8,339,1/3/2025
341,DR_Notification page Visits,Google Android,Notifi_center Clicked bell with new notifications,NOTIFICATION CENTER,NC,,,Notifi_center Clicked bell with new notifications,,,Google Android_NC_1.1.1,Google Android_NC_1.1,105,3,8,340,1/3/2025
342,DR_Notification Viewed with new notifications,Google Android,Notifi_center Viewed,NOTIFICATION CENTER,NC,,,,Notifi_center Viewed,,Google Android_NC_1.1.1.1,Google Android_NC_1.1.1,106,4,8,341,1/3/2025
343,DR_Notification Declined with new notifications,Google Android,Notifi_center Declined,NOTIFICATION CENTER,NC,,,,Notifi_center Declined,,Google Android_NC_1.1.1.2,Google Android_NC_1.1.1,107,4,8,341,1/3/2025
344,DR_Notification accepted with new notifications,Google Android,Notifi_center Accepted,NOTIFICATION CENTER,NC,,,,Notifi_center Accepted,,Google Android_NC_1.1.1.3,Google Android_NC_1.1.1,108,4,8,341,1/3/2025
345,DR_No action on new notifications,Google Android,Notifi_center No Action,NOTIFICATION CENTER,NC,,,,Notifi_center No Action,,Google Android_NC_1.1.1.4,Google Android_NC_1.1.1,109,4,8,341,1/3/2025
346,DR_Notifications not received visits,Google Android,Notifi_center Visits with no new notifications,NOTIFICATION CENTER,NC,,Notifi_center Visits with no new notifications,,,,Google Android_NC_1.2,Google Android_NC_1,110,2,8,339,1/3/2025
347,DR_Notification Viewed with no new notifications,Google Android,with no new notifi Viewed,NOTIFICATION CENTER,NC,,,,with no new notifi Viewed,,Google Android_NC_1.2.0.1,Google Android_NC_1.2.0,111,4,8,,1/3/2025
348,DR_Notification Declined with no new notification,Google Android,with no new notifi Declined,NOTIFICATION CENTER,NC,,,,with no new notifi Declined,,Google Android_NC_1.2.0.2,Google Android_NC_1.2.0,112,4,8,,1/3/2025
349,DR_Notification accepted with no new notifications,Google Android,with no new notifi Accepted,NOTIFICATION CENTER,NC,,,,with no new notifi Accepted,,Google Android_NC_1.2.0.3,Google Android_NC_1.2.0,113,4,8,,1/3/2025
350,DR_No action on no new notifications,Google Android,with no new notifi No Action,NOTIFICATION CENTER,NC,,,,with no new notifi No Action,,Google Android_NC_1.2.0.4,Google Android_NC_1.2.0,114,4,8,,1/3/2025
351,DR_Visits,Google Android,Visits,OVER ALL,OA,Visits,,,,,Google Android_OA_1,,115,1,9,,1/3/2025
352,Unique Visitors,Google Android,Visitors,OVER ALL,OA,,,,,,,,116,1,9,,1/3/2025
353,Page Views,Google Android,Page Views,OVER ALL,OA,,,,,,,,117,1,9,,1/3/2025
354,Average Time Spent on Page,Google Android,Average Time Spent (mins),OVER ALL,OA,,,,,,,,118,1,9,,1/3/2025
355,DR_New Visitors,Google Android,New Visitors,OVER ALL,OA,,New Visitors,,,,Google Android_OA_1.1,Google Android_OA_1,119,2,9,351,1/3/2025
356,DR_Server Errors,Google Android,Server Errors,OVER ALL,OA,,Server Errors,,,,Google Android_OA_1.2,Google Android_OA_1,120,2,9,351,1/3/2025
357,DR_Overall Chat,Google Android,Visits to Chat,OVER ALL,OA,,Visits to Chat,,,,Google Android_OA_1.3,Google Android_OA_1,121,2,9,351,1/3/2025
358,DR_continuing chat from new chat page,Google Android,Continuing chat from new chat page,OVER ALL,OA,,,,,,,,122,1,9,,1/3/2025
359,DR_Message Us,Google Android,Visits to Chat (Bot),OVER ALL,OA,,Visits to Chat (Bot),,,,Google Android_OA_1.4,Google Android_OA_1,123,2,9,351,1/3/2025
360,DR_Agent Chat,Google Android,Visits to Agent Chat (Skip bot),OVER ALL,OA,,Visits to Agent Chat (Skip bot),,,,Google Android_OA_1.5,Google Android_OA_1,124,2,9,351,1/3/2025
361,DR_Self Service Initiated,Google Android,Visits to Self Service Features,OVER ALL,OA,,Visits to Self Service Features,,,,Google Android_OA_1.6,Google Android_OA_1,125,2,9,351,1/3/2025
362,DR_CoxApp | Visits with Chat and No Self Service Initiated,Google Android,Visits with Chat but No Self Service,OVER ALL,OA,,Visits with Chat but No Self Service,,,,Google Android_OA_1.7,Google Android_OA_1,126,2,9,351,1/3/2025
363,DR_CoxApp | Visits with No Self Service and No Chat,Google Android,Visits with Neither Self Service nor Chat,OVER ALL,OA,,Visits with Neither Self Service nor Chat,,,,Google Android_OA_1.8,Google Android_OA_1,127,2,9,351,1/3/2025
364,DR_CoxApp | Visits not logged in,Google Android,Not Logged-in Visits,OVER ALL,OA,,Not Logged-in Visits,,,,Google Android_OA_1.9,Google Android_OA_1,128,2,9,351,1/3/2025
365,DR_Native Registration Home Page,Google Android,Visits to Registration Home Page,RE GISTRATION (NATIVE),RG(,Visits to Registration Home Page,,,,,Google Android_RG(_1,,129,1,10,,1/3/2025
366,DR_Native Registration Confirmation,Google Android,New Registrations,RE GISTRATION (NATIVE),RG(,,New Registrations,,,,Google Android_RG(_1.1,Google Android_RG(_1,130,2,10,365,1/3/2025
367,DR_Native Registration - Already Registered,Google Android,Already Registered,RE GISTRATION (NATIVE),RG(,,Already Registered,,,,Google Android_RG(_1.2,Google Android_RG(_1,131,2,10,365,1/3/2025
368,DR_Native Registration - Did not Registered,Google Android,Did not Register,RE GISTRATION (NATIVE),RG(,,Did not Register,,,,Google Android_RG(_1.3,Google Android_RG(_1,132,2,10,365,1/3/2025
369,DR_Native Registration - Server Form Errors,Google Android,Reg_native Server Errors,RE GISTRATION (NATIVE),RG(,,Reg_native Server Errors,,,,Google Android_RG(_1.4,Google Android_RG(_1,133,2,10,365,1/3/2025
370,DR_CoxApp | Chat from Registration Flow,Google Android,Reg_native Interacted with Chat,RE GISTRATION (NATIVE),RG(,,Reg_native Interacted with Chat,,,,Google Android_RG(_1.5,Google Android_RG(_1,134,2,10,365,1/3/2025
371,DR_Native Registration - Intent to Register,Google Android,Intent to Register,RE GISTRATION (NATIVE),RG(,Intent to Register,,,,,Google Android_RG(_2,,135,1,10,,1/3/2025
372,DR_Native Registration Success,Google Android,Funnel Success Rate,RE GISTRATION (NATIVE),RG(,,Funnel Success Rate,,,,Google Android_RG(_2.1,Google Android_RG(_2,136,2,10,371,1/3/2025
373,DR_Native Registration - Phone Lookup,Google Android,Phone Lookup,RE GISTRATION (NATIVE),RG(,Phone Lookup,,,,,Google Android_RG(_3,,137,1,10,,1/3/2025
374,DR_Native Registration - Phone Lookup Success,Google Android,Phone Lookup Success Rate,RE GISTRATION (NATIVE),RG(,,Phone Lookup Success Rate,,,,Google Android_RG(_3.1,Google Android_RG(_3,138,2,10,373,1/3/2025
375,DR_Native Registration - Email Lookup,Google Android,Email Lookup,RE GISTRATION (NATIVE),RG(,Email Lookup,,,,,Google Android_RG(_4,,139,1,10,,1/3/2025
376,DR_Native Registration - Email Lookup Success,Google Android,Email Lookup Success Rate,RE GISTRATION (NATIVE),RG(,,Email Lookup Success Rate,,,,Google Android_RG(_4.1,Google Android_RG(_4,140,2,10,375,1/3/2025
377,DR_Reset Modem - Home Page,Google Android,Reset Modem Start Page Visits,RESET MODEM,RM,Reset Modem Start Page Visits,,,,,Google Android_RM_1,,141,1,11,,1/3/2025
378,DR_Reset Modem - Started Rebooting Process,Google Android,Started Reset Process,RESET MODEM,RM,,Started Reset Process,,,,Google Android_RM_1.1,Google Android_RM_1,142,2,11,377,1/3/2025
379,DR_Reset Modem - Rebooting Complete,Google Android,Reset Process Complete,RESET MODEM,RM,,,Reset Process Complete,,,Google Android_RM_1.1.1,Google Android_RM_1.1,143,3,11,378,1/3/2025
380,DR_Reset Modem - Rebooting Incomplete,Google Android,Reset Process Incomplete,RESET MODEM,RM,,,Reset Process Incomplete,,,Google Android_RM_1.1.2,Google Android_RM_1.1,144,3,11,378,1/3/2025
381,DR_Reset Modem - Agent Chat,Google Android,Reset_Modem Interacted with Chat,RESET MODEM,RM,,,Reset_Modem Interacted with Chat,,,Google Android_RM_1.1.3,Google Android_RM_1.1,145,3,11,378,1/3/2025
382,DR_Reset Modem - Error Outage,Google Android,Error Outage,RESET MODEM,RM,,Error Outage,,,,Google Android_RM_1.2,Google Android_RM_1,146,2,11,377,1/3/2025
383,DR_Reset Modem Error - Non Pay,Google Android,Non Pay Error,RESET MODEM,RM,,Non Pay Error,,,,Google Android_RM_1.3,Google Android_RM_1,147,2,11,377,1/3/2025
384,DR_Reset Modem Error -DMCA,Google Android,DMCA Error,RESET MODEM,RM,,DMCA Error,,,,Google Android_RM_1.4,Google Android_RM_1,148,2,11,377,1/3/2025
385,DR_Reset Tvbox - Home Page,Google Android,Reset TV Box Start Page Visits,RESET TV BOX,RTB,Reset TV Box Start Page Visits,,,,,Google Android_RTB_1,,149,1,12,,1/3/2025
386,DR_Reset Tvbox - Rebooting,Google Android,Reset_TV Started Reset Process,RESET TV BOX,RTB,,Reset_TV Started Reset Process,,,,Google Android_RTB_1.1,Google Android_RTB_1,150,2,12,385,1/3/2025
387,DR_Reset Tvbox - Complete,Google Android,Reset_TV Process Complete,RESET TV BOX,RTB,,,Reset_TV Process Complete,,,Google Android_RTB_1.1.1,Google Android_RTB_1.1,151,3,12,386,1/3/2025
388,DR_Reset Tvbox - Incomplete,Google Android,Reset_TV Process Incomplete,RESET TV BOX,RTB,,,Reset_TV Process Incomplete,,,Google Android_RTB_1.1.2,Google Android_RTB_1.1,152,3,12,386,1/3/2025
389,DR_Reset Tvbox - Agent Chat,Google Android,Reset_TV Interacted with Chat,RESET TV BOX,RTB,,,Reset_TV Interacted with Chat,,,Google Android_RTB_1.1.3,Google Android_RTB_1.1,153,3,12,386,1/3/2025
390,DR_Reset Tvbox - Error Outage,Google Android,Reset_TV Error Outage,RESET TV BOX,RTB,,Reset_TV Error Outage,,,,Google Android_RTB_1.2,Google Android_RTB_1,154,2,12,385,1/3/2025
391,DR_Reset Tvbox Error - Non Pay,Google Android,Reset_TV Non Pay Error,RESET TV BOX,RTB,,Reset_TV Non Pay Error,,,,Google Android_RTB_1.3,Google Android_RTB_1,155,2,12,385,1/3/2025
392,DR_Reset Tvbox Error - DMCA,Google Android,Reset_TV DMCA Error,RESET TV BOX,RTB,,Reset_TV DMCA Error,,,,Google Android_RTB_1.4,Google Android_RTB_1,156,2,12,385,1/3/2025
393,DR_Alert Type Visits,Google Android,Visits with Service Alert,SERVICE ALERT,SA,Visits with Service Alert,,,,,Google Android_SA_1,,157,1,13,,1/3/2025
394,DR_Outage Alert,Google Android,Service_alert Outage,SERVICE ALERT,SA,,Service_alert Outage,,,,Google Android_SA_1.1,Google Android_SA_1,158,2,13,393,1/3/2025
395,Dr_Campaign Rolloff Alert,Google Android,Service_alert Campaign Rolloff,SERVICE ALERT,SA,,Service_alert Campaign Rolloff,,,,Google Android_SA_1.2,Google Android_SA_1,159,2,13,393,1/3/2025
396,Dr_NonPay Suspension Alert,Google Android,Service_alert NonPay Suspension,SERVICE ALERT,SA,,Service_alert NonPay Suspension,,,,Google Android_SA_1.3,Google Android_SA_1,160,2,13,393,1/3/2025
397,Dr_Network Construction Alert,Google Android,Service_alert Network Construction,SERVICE ALERT,SA,,Service_alert Network Construction,,,,Google Android_SA_1.4,Google Android_SA_1,161,2,13,393,1/3/2025
398,Dr_DMCA Termination Alert,Google Android,Service_alert DMCA Termination,SERVICE ALERT,SA,,Service_alert DMCA Termination,,,,Google Android_SA_1.5,Google Android_SA_1,162,2,13,393,1/3/2025
399,server:error:CC-EACCES,Google Android,,SERVER ERRORS,SE,,,,,,,,163,1,14,,1/3/2025
400,server:error:CC-INVALID_CREDS,Google Android,,SERVER ERRORS,SE,,,,,,,,164,1,14,,1/3/2025
401,server:error:CC-INTERNAL_ERROR,Google Android,,SERVER ERRORS,SE,,,,,,,,165,1,14,,1/3/2025
402,server:error:CC-TOKEN_EXPIRED,Google Android,,SERVER ERRORS,SE,,,,,,,,166,1,14,,1/3/2025
403,server:error:null,Google Android,,SERVER ERRORS,SE,,,,,,,,167,1,14,,1/3/2025
404,server:error:unable_to_retrieve_data_usage_information_at_this_time,Google Android,,SERVER ERRORS,SE,,,,,,,,168,1,14,,1/3/2025
405,server:error:CC-ACCOUNT_NOT_FOUND,Google Android,,SERVER ERRORS,SE,,,,,,,,169,1,14,,1/3/2025
406,server:error:CC-USERNAME-ALREADY-EXISTS,Google Android,,SERVER ERRORS,SE,,,,,,,,170,1,14,,1/3/2025
407,server:error:CC-INVALID_ZIPCODE,Google Android,,SERVER ERRORS,SE,,,,,,,,171,1,14,,1/3/2025
408,server:error:CC-INVALID_CVV,Google Android,,SERVER ERRORS,SE,,,,,,,,172,1,14,,1/3/2025
409,server:error:CC-INVALID_CARD_NUMBER,Google Android,,SERVER ERRORS,SE,,,,,,,,173,1,14,,1/3/2025
410,server:error:CC-DUPLICATE_PAYMENT,Google Android,,SERVER ERRORS,SE,,,,,,,,174,1,14,,1/3/2025
411,server:error:CC-PASSWORD_DENIED,Google Android,,SERVER ERRORS,SE,,,,,,,,175,1,14,,1/3/2025
412,server:error:CC-CURRENT_PIN_INVALID,Google Android,,SERVER ERRORS,SE,,,,,,,,176,1,14,,1/3/2025
413,server:error:CC-PASSWORD_EXPIRED,Google Android,,SERVER ERRORS,SE,,,,,,,,177,1,14,,1/3/2025
414,server:error:CC-PAYMENT_METHOD_RESTRICTED,Google Android,,SERVER ERRORS,SE,,,,,,,,178,1,14,,1/3/2025
415,server:error:MappingTemplate,Google Android,,SERVER ERRORS,SE,,,,,,,,179,1,14,,1/3/2025
416,server:error:CC-ICOMS_API_ERROR,Google Android,,SERVER ERRORS,SE,,,,,,,,180,1,14,,1/3/2025
417,DR_SmartHelp - Landing Page,Google Android,Devices Page Visits,SMART HELP,SH,Devices Page Visits,,,,,Google Android_SH_1,,181,1,15,,1/3/2025
418,DR_SmartHelp - Started,Google Android,Started Troubleshooting (Solution Center),SMART HELP,SH,,Started Troubleshooting (Solution Center),,,,Google Android_SH_1.1,Google Android_SH_1,182,2,15,417,1/3/2025
419,DR_SmartHelp - Result,Google Android,Saw a Result,SMART HELP,SH,,,Saw a Result,,,Google Android_SH_1.1.1,Google Android_SH_1.1,183,3,15,418,1/3/2025
420,DR_SmartHelp Result - Unknown,Google Android,1st common reason (Unknown),SMART HELP,SH,,,,1st common reason (Unknown),,Google Android_SH_1.1.1.1,Google Android_SH_1.1.1,184,4,15,419,1/3/2025
421,DR_SmartHelp Result - Disconnected,Google Android,2nd common reason (Disconnected),SMART HELP,SH,,,,2nd common reason (Disconnected),,Google Android_SH_1.1.1.2,Google Android_SH_1.1.1,185,4,15,419,1/3/2025
422,DR_SmartHelp Result - Incomplete Install,Google Android,3rd common reason (Incomplete Install),SMART HELP,SH,,,,3rd common reason (Incomplete Install),,Google Android_SH_1.1.1.3,Google Android_SH_1.1.1,186,4,15,419,1/3/2025
423,DR_SmartHelp - Reboot Flow Started,Google Android,Did a Device Reboot,SMART HELP,SH,,Did a Device Reboot,,,,Google Android_SH_1.2,Google Android_SH_1,187,2,15,417,1/3/2025
424,DR_SmartHelp - P&P,Google Android,Started Proactive and Preventive (P&P),SMART HELP,SH,,Started Proactive and Preventive (P&P),,,,Google Android_SH_1.3,Google Android_SH_1,188,2,15,417,1/3/2025
425,DR_Smarthelp P&P - Let's troubleshoot together,Google Android,Started P&P troubleshooting,SMART HELP,SH,,,Started P&P troubleshooting,,,Google Android_SH_1.3.1,Google Android_SH_1.3,189,3,15,424,1/3/2025
426,DR_Smarthelp P&P - Reset Complete,Google Android,Smarthelp Reset Complete,SMART HELP,SH,,,Smarthelp Reset Complete,,,Google Android_SH_1.3.2,Google Android_SH_1.3,190,3,15,424,1/3/2025
427,DR_Smarthelp P&P - Let's schedule a technician visit,Google Android,Schedule Tech,SMART HELP,SH,,,Schedule Tech,,,Google Android_SH_1.3.3,Google Android_SH_1.3,191,3,15,424,1/3/2025
428,DR_Smarthelp P&P - Connect with a support agent,Google Android,Connect with Agent,SMART HELP,SH,,,Connect with Agent,,,Google Android_SH_1.3.4,Google Android_SH_1.3,192,3,15,424,1/3/2025
429,DR_Smarthelp P&P - Interacted with Chat Agent,Google Android,Smarthelp_P&P Interacted with Chat,SMART HELP,SH,,,Smarthelp_P&P Interacted with Chat,,,Google Android_SH_1.3.5,Google Android_SH_1.3,193,3,15,424,1/3/2025
430,DR_SmartHelp - Billing & Account Support,Google Android,Clicked Billing & Account Support,SMART HELP,SH,,Clicked Billing & Account Support,,,,Google Android_SH_1.4,Google Android_SH_1,194,2,15,417,1/3/2025
431,DR_SmartHelp - Internet Support,Google Android,Clicked Internet Support,SMART HELP,SH,,Clicked Internet Support,,,,Google Android_SH_1.5,Google Android_SH_1,195,2,15,417,1/3/2025
432,DR_SmartHelp - TV Support,Google Android,Clicked TV Support,SMART HELP,SH,,Clicked TV Support,,,,Google Android_SH_1.6,Google Android_SH_1,196,2,15,417,1/3/2025
433,DR_SmartHelp - Homelife Support,Google Android,Clicked Homelife Support,SMART HELP,SH,,Clicked Homelife Support,,,,Google Android_SH_1.7,Google Android_SH_1,197,2,15,417,1/3/2025
434,DR_SmartHelp - Agent Chat,Google Android,Smarthelp_Interacted with Chat,SMART HELP,SH,,Smarthelp_Interacted with Chat,,,,Google Android_SH_1.8,Google Android_SH_1,198,2,15,417,1/3/2025
435,DR_Support Home,Google Android,Support Home Visits,S UPPORT,SU,Support Home Visits,,,,,Google Android_SU_1,,199,1,16,,1/3/2025
436,DR_Support - Internet,Google Android,Support Internet Support,S UPPORT,SU,,Support Internet Support,,,,Google Android_SU_1.1,Google Android_SU_1,200,2,16,435,1/3/2025
437,DR_Support - Billing and Account,Google Android,Billing & Account Support,S UPPORT,SU,,Billing & Account Support,,,,Google Android_SU_1.2,Google Android_SU_1,201,2,16,435,1/3/2025
438,DR_Support - Billing,Google Android,Billing Support,S UPPORT,SU,,Billing Support,,,,Google Android_SU_1.3,Google Android_SU_1,202,2,16,435,1/3/2025
439,DR_Support - Account,Google Android,Account Support,S UPPORT,SU,,Account Support,,,,Google Android_SU_1.4,Google Android_SU_1,203,2,16,435,1/3/2025
440,DR_Support - TV,Google Android,Support TV Support,S UPPORT,SU,,Support TV Support,,,,Google Android_SU_1.5,Google Android_SU_1,204,2,16,435,1/3/2025
441,DR_Support - Homelife,Google Android,Support Homelife Support,S UPPORT,SU,,Support Homelife Support,,,,Google Android_SU_1.6,Google Android_SU_1,205,2,16,435,1/3/2025
442,DR_Support - Mobile,Google Android,Support Mobile Support,S UPPORT,SU,,Support Mobile Support,,,,Google Android_SU_1.7,Google Android_SU_1,206,2,16,435,1/3/2025
443,DR_Support - Read an Article,Google Android,Read an Article,S UPPORT,SU,,Read an Article,,,,Google Android_SU_1.8,Google Android_SU_1,207,2,16,435,1/3/2025
444,DR_Support - Search,Google Android,Support Search,S UPPORT,SU,,Support Search,,,,Google Android_SU_1.9,Google Android_SU_1,208,2,16,435,1/3/2025
445,DR_Support - Click on Exit Link,Google Android,Went to External Link,S UPPORT,SU,,Went to External Link,,,,Google Android_SU_1.10,Google Android_SU_1,209,2,16,435,1/3/2025
446,DR_Support - App Feedback,Google Android,App Feedback,S UPPORT,SU,,App Feedback,,,,Google Android_SU_1.11,Google Android_SU_1,210,2,16,435,1/3/2025
447,DR_Support - Agent chat started,Google Android,Support Interacted with Chat,S UPPORT,SU,,Support Interacted with Chat,,,,Google Android_SU_1.12,Google Android_SU_1,211,2,16,435,1/3/2025
448,DR_TSV Enrollment Home Page,Google Android,Visits to TSV Home Page,TWO-STEP VERIFICATION,TV,Visits to TSV Home Page,,,,,Google Android_TV_1,,212,1,17,,1/3/2025
449,DR_TSV | Intent to Enrollment,Google Android,TSV Enrollment Page,TWO-STEP VERIFICATION,TV,,TSV Enrollment Page,,,,Google Android_TV_1.1,Google Android_TV_1,213,2,17,448,1/3/2025
450,DR_TSV Enrollment - Success,Google Android,TSV Overall Success Rate,TWO-STEP VERIFICATION,TV,,TSV Overall Success Rate,,,,Google Android_TV_1.2,Google Android_TV_1,214,2,17,448,1/3/2025
451,DR_TSV Enrollment - Update,Google Android,TSV Update,TWO-STEP VERIFICATION,TV,,TSV Update,,,,Google Android_TV_1.3,Google Android_TV_1,215,2,17,448,1/3/2025
452,DR_TSV Enrollment - Server Errors,Google Android,TSV Server Errors,TWO-STEP VERIFICATION,TV,,TSV Server Errors,,,,Google Android_TV_1.4,Google Android_TV_1,216,2,17,448,1/3/2025
453,DR_TSV Enrollment - Phone text,Google Android,TSV Phone Text,TWO-STEP VERIFICATION,TV,TSV Phone Text,,,,,Google Android_TV_2,,217,1,17,,1/3/2025
454,DR_TSV Enrollment - Phone text Success,Google Android,TSV Text Success Rate,TWO-STEP VERIFICATION,TV,,TSV Text Success Rate,,,,Google Android_TV_2.1,Google Android_TV_2,218,2,17,453,1/3/2025
455,DR_TSV Enrollment - Phone call,Google Android,TSV Phone Call,TWO-STEP VERIFICATION,TV,TSV Phone Call,,,,,Google Android_TV_3,,219,1,17,,1/3/2025
456,DR_TSV Enrollment - Phone call Success,Google Android,TSV Call Success Rate,TWO-STEP VERIFICATION,TV,,TSV Call Success Rate,,,,Google Android_TV_3.1,Google Android_TV_3,220,2,17,455,1/3/2025
457,DR_TSV Enrollment - Email,Google Android,TSV Email Text,TWO-STEP VERIFICATION,TV,TSV Email Text,,,,,Google Android_TV_4,,221,1,17,,1/3/2025
458,DR_TSV Enrollment - Email Success,Google Android,TSV Email Success Rate,TWO-STEP VERIFICATION,TV,,TSV Email Success Rate,,,,Google Android_TV_4.1,Google Android_TV_4,222,2,17,457,1/3/2025
459,www.cox.com/residential/mobile/deals.html?sc_id=cr_mobile_app_z_coxapp_z_swrve_emb_mobile_holidays_b,Google Android,,U R L,URL,,,,,,,,223,1,18,,1/3/2025
460,www.cox.com/residential/mobile/deals.html?sc_id=cr_mobile_app_z_coxapp_z_swrve_emb_mobile_holidays_2,Google Android,,U R L,URL,,,,,,,,224,1,18,,1/3/2025
461,www.cox.com/residential/refer-a-friend.html?&sc_id=cr_mobile_app_z_coxapp_z_swrve_emb_extole,Google Android,,U R L,URL,,,,,,,,225,1,18,,1/3/2025
462,www.cox.com/mobile-shop/check-device-compatibility.html&sc_id=cr_mobile_app_z_coxapp_z_swrve_emb_mob,Google Android,,U R L,URL,,,,,,,,226,1,18,,1/3/2025
463,www.cox.com/residential/move.html?sc_id=cr_mobile_app_z_coxapp_z_swrve_inapp,Google Android,,U R L,URL,,,,,,,,227,1,18,,1/3/2025
