"CUSTOMER_CATEGORY_DESC","E2E_FINAL_TREATMENT","customer_status_cd","contact_date","Type","channel","customer_key","contact_id","subcontact_id","total_agents","interactions","self_service","chat_count","call_count"
"BUSINESS ACCOUNT","Bronze","A","2023-09-01","Single/Mutiple Relation Location","Phone First","2","2","2","0","2","2","0","0"
"BUSINESS ACCOUNT","Bronze","A","2023-09-01","Single/Mutiple Account Location","Phone First","2","2","2","0","2","2","0","0"
"BUSINESS ACCOUNT","Bronze","A","2023-09-01","Single/Mutiple Relation Location","Digital First","4","4","6","0","7","6","0","0"
"BUSINESS ACCOUNT","Bronze","A","2023-09-01","Single/Mutiple Account Location","Digital First","4","4","6","0","7","6","0","0"
"CARRIER","Bronze","A","2023-09-01","Single/Mutiple Relation Location","Phone First","9","9","12","8","20","4","0","8"
"CARRIER","Bronze","A","2023-09-01","Single/Mutiple Account Location","Phone First","9","9","12","8","20","4","0","8"
"CB BRONZE","Bronze","A","2023-09-01","Single/Mutiple Relation Location","Phone First","49153","49153","55168","31397","101356","27599","299","31098"
"CB BRONZE","Bronze","A","2023-09-01","Single/Mutiple Account Location","Phone First","49153","49153","55168","31397","101356","27599","299","31098"
"CB BRONZE","Silver","A","2023-09-01","Single/Mutiple Relation Location","Phone First","26","26","31","19","58","14","0","19"
"CB BRONZE","Diamond","A","2023-09-01","Single/Mutiple Relation Location","Phone First","9","9","9","5","15","4","0","5"
"CB BRONZE","Bronze","A","2023-09-01","Single/Mutiple Relation Location","Digital First","68146","68146","82048","6171","167833","76763","3336","2835"
"CB BRONZE","Silver","A","2023-09-01","Single/Mutiple Relation Location","Digital First","26","26","34","1","228","33","1","0"
"CB BRONZE","Silver","A","2023-09-01","Single/Mutiple Account Location","Phone First","26","26","31","19","58","14","0","19"
"CB BRONZE","Silver","A","2023-09-01","Single/Mutiple Account Location","Digital First","26","26","34","1","228","33","1","0"
"CB BRONZE","Bronze","A","2023-09-01","Single/Mutiple Account Location","Digital First","68146","68146","82048","6171","167833","76763","3336","2835"
"CB BRONZE","Diamond","A","2023-09-01","Single/Mutiple Account Location","Phone First","9","9","9","5","15","4","0","5"
"CB DIAMOND","Bronze","A","2023-09-01","Single/Mutiple Relation Location","Phone First","1","1","1","1","2","0","0","1"
"CB DIAMOND","Diamond","A","2023-09-01","Single/Mutiple Account Location","Phone First","1087","1087","1247","998","3054","460","8","990"
"CB DIAMOND","Bronze","A","2023-09-01","Single/Mutiple Account Location","Phone First","1","1","1","1","2","0","0","1"
"CB DIAMOND","Bronze","A","2023-09-01","Single/Mutiple Relation Location","Digital First","1","1","1","0","1","1","0","0"
"CB DIAMOND","Bronze","A","2023-09-01","Single/Mutiple Account Location","Digital First","1","1","1","0","1","1","0","0"
"CB DIAMOND","Diamond","A","2023-09-01","Single/Mutiple Relation Location","Digital First","1481","1481","1888","208","5598","1738","63","145"
"CB DIAMOND","Diamond","A","2023-09-01","Single/Mutiple Relation Location","Phone First","1087","1087","1247","998","3054","460","8","990"
"CB DIAMOND","Diamond","A","2023-09-01","Single/Mutiple Account Location","Digital First","1481","1481","1888","208","5598","1738","63","145"
"CB GOLD","Silver","A","2023-09-01","Single/Mutiple Relation Location","Digital First","5","5","6","1","8","5","0","1"
"CB GOLD","Diamond","A","2023-09-01","Single/Mutiple Relation Location","Phone First","1","1","1","2","5","0","0","2"
"CB GOLD","Silver","A","2023-09-01","Single/Mutiple Account Location","Digital First","5","5","6","1","8","5","0","1"
"CB GOLD","Diamond","A","2023-09-01","Single/Mutiple Account Location","Phone First","1","1","1","2","5","0","0","2"
"CB GOLD","Bronze","A","2023-09-01","Single/Mutiple Account Location","Phone First","15","15","17","16","39","5","0","16"
"CB GOLD","Silver","A","2023-09-01","Single/Mutiple Relation Location","Phone First","5","5","5","3","14","4","0","3"
"CB GOLD","Diamond","A","2023-09-01","Single/Mutiple Account Location","Digital First","2","2","3","0","3","3","0","0"
"CB GOLD","Silver","A","2023-09-01","Single/Mutiple Account Location","Phone First","5","5","5","3","14","4","0","3"
"CB GOLD","Bronze","A","2023-09-01","Single/Mutiple Account Location","Digital First","15","15","15","0","23","15","0","0"
"CB GOLD","Diamond","A","2023-09-01","Single/Mutiple Relation Location","Digital First","2","2","3","0","3","3","0","0"
"CB GOLD","Bronze","A","2023-09-01","Single/Mutiple Relation Location","Digital First","15","15","15","0","23","15","0","0"
"CB GOLD","Bronze","A","2023-09-01","Single/Mutiple Relation Location","Phone First","15","15","17","16","39","5","0","16"
"CB PLATINUM","Bronze","A","2023-09-01","Single/Mutiple Relation Location","Digital First","2","2","2","0","2","2","0","0"
"CB PLATINUM","Diamond","A","2023-09-01","Single/Mutiple Account Location","Digital First","2","2","2","0","89","2","0","0"
"CB PLATINUM","Diamond","A","2023-09-01","Single/Mutiple Account Location","Phone First","10","10","11","7","18","4","0","7"
"CB PLATINUM","Silver","A","2023-09-01","Single/Mutiple Account Location","Digital First","1","1","1","0","1","1","0","0"
"CB PLATINUM","Bronze","A","2023-09-01","Single/Mutiple Account Location","Digital First","2","2","2","0","2","2","0","0"
"CB PLATINUM","Bronze","A","2023-09-01","Single/Mutiple Relation Location","Phone First","11","11","14","7","21","7","0","7"
"CB PLATINUM","Silver","A","2023-09-01","Single/Mutiple Relation Location","Digital First","1","1","1","0","1","1","0","0"
"CB PLATINUM","Bronze","A","2023-09-01","Single/Mutiple Account Location","Phone First","11","11","14","7","21","7","0","7"
"CB PLATINUM","Diamond","A","2023-09-01","Single/Mutiple Relation Location","Digital First","2","2","2","0","89","2","0","0"
"CB PLATINUM","Diamond","A","2023-09-01","Single/Mutiple Relation Location","Phone First","10","10","11","7","18","4","0","7"
"CB SILVER","Silver","A","2023-09-01","Single/Mutiple Relation Location","Digital First","3211","3211","4157","318","8968","3901","158","160"
"CB SILVER","Bronze","A","2023-09-01","Single/Mutiple Account Location","Digital First","9","9","10","3","17","7","0","3"
"CB SILVER","Silver","A","2023-09-01","Single/Mutiple Account Location","Phone First","1882","1882","2200","1621","4643","834","7","1614"
"CB SILVER","Diamond","A","2023-09-01","Single/Mutiple Account Location","Digital First","10","10","11","2","21","10","0","2"
"CB SILVER","Silver","A","2023-09-01","Single/Mutiple Account Location","Digital First","3211","3211","4157","318","8968","3901","158","160"
"CB SILVER","Diamond","A","2023-09-01","Single/Mutiple Relation Location","Phone First","12","12","14","14","32","2","1","13"
"CB SILVER","Diamond","A","2023-09-01","Single/Mutiple Relation Location","Digital First","10","10","11","2","21","10","0","2"
"CB SILVER","Diamond","A","2023-09-01","Single/Mutiple Account Location","Phone First","12","12","14","14","32","2","1","13"
"CB SILVER","Bronze","A","2023-09-01","Single/Mutiple Relation Location","Digital First","9","9","10","3","17","7","0","3"
"CB SILVER","Bronze","A","2023-09-01","Single/Mutiple Account Location","Phone First","9","9","10","9","22","2","0","9"
"CB SILVER","Bronze","A","2023-09-01","Single/Mutiple Relation Location","Phone First","9","9","10","9","22","2","0","9"
"CB SILVER","Silver","A","2023-09-01","Single/Mutiple Relation Location","Phone First","1882","1882","2200","1621","4643","834","7","1614"
"COLLECTIONS ASSISTANCE","Silver","A","2023-09-01","Single/Mutiple Account Location","Phone First","3","3","3","4","14","2","0","4"
"COLLECTIONS ASSISTANCE","Silver","A","2023-09-01","Single/Mutiple Account Location","Digital First","4","4","4","1","12","3","0","1"
"COLLECTIONS ASSISTANCE","Bronze","A","2023-09-01","Single/Mutiple Relation Location","Phone First","1","1","1","0","1","1","0","0"
"COLLECTIONS ASSISTANCE","Bronze","A","2023-09-01","Single/Mutiple Account Location","Phone First","1","1","1","0","1","1","0","0"
"COLLECTIONS ASSISTANCE","Silver","A","2023-09-01","Single/Mutiple Relation Location","Phone First","3","3","3","4","14","2","0","4"
"COLLECTIONS ASSISTANCE","Silver","A","2023-09-01","Single/Mutiple Relation Location","Digital First","4","4","4","1","12","3","0","1"
"INTERNAL COX ACCOUNT","Bronze","A","2023-09-01","Single/Mutiple Account Location","Digital First","169","169","229","3","569","226","3","0"
"INTERNAL COX ACCOUNT","Silver","A","2023-09-01","Single/Mutiple Relation Location","Digital First","2","2","3","0","3","3","0","0"
"INTERNAL COX ACCOUNT","Diamond","A","2023-09-01","Single/Mutiple Relation Location","Digital First","8","8","11","3","20","9","3","0"
"INTERNAL COX ACCOUNT","Diamond","A","2023-09-01","Single/Mutiple Account Location","Phone First","7","7","7","7","15","1","0","7"
"INTERNAL COX ACCOUNT","Bronze","A","2023-09-01","Single/Mutiple Account Location","Phone First","106","106","122","100","263","44","0","100"
"INTERNAL COX ACCOUNT","Silver","A","2023-09-01","Single/Mutiple Account Location","Digital First","2","2","3","0","3","3","0","0"
"INTERNAL COX ACCOUNT","Diamond","A","2023-09-01","Single/Mutiple Relation Location","Phone First","7","7","7","7","15","1","0","7"
"INTERNAL COX ACCOUNT","Bronze","A","2023-09-01","Single/Mutiple Relation Location","Digital First","169","169","229","3","569","226","3","0"
"INTERNAL COX ACCOUNT","Diamond","A","2023-09-01","Single/Mutiple Account Location","Digital First","8","8","11","3","20","9","3","0"
"INTERNAL COX ACCOUNT","Bronze","A","2023-09-01","Single/Mutiple Relation Location","Phone First","106","106","122","100","263","44","0","100"
"MASTER ACCOUNT/DEVELOPMENT","Silver","A","2023-09-01","Single/Mutiple Relation Location","Phone First","3","3","3","3","8","1","0","3"
"MASTER ACCOUNT/DEVELOPMENT","Bronze","A","2023-09-01","Single/Mutiple Relation Location","Digital First","1","1","1","0","1","1","0","0"
"MASTER ACCOUNT/DEVELOPMENT","Bronze","A","2023-09-01","Single/Mutiple Account Location","Digital First","1","1","1","0","1","1","0","0"
"MASTER ACCOUNT/DEVELOPMENT","Silver","A","2023-09-01","Single/Mutiple Account Location","Phone First","3","3","3","3","8","1","0","3"
"NATIONAL COMMERCIAL","Diamond","A","2023-09-01","Single/Mutiple Account Location","Digital First","7","7","8","7","17","3","7","0"
"NATIONAL COMMERCIAL","Diamond","A","2023-09-01","Single/Mutiple Account Location","Phone First","53","53","66","50","136","22","0","50"
"NATIONAL COMMERCIAL","Silver","A","2023-09-01","Single/Mutiple Account Location","Phone First","37","37","45","32","80","14","0","32"
"NATIONAL COMMERCIAL","Bronze","A","2023-09-01","Single/Mutiple Relation Location","Phone First","191","191","224","132","396","105","0","132"
"NATIONAL COMMERCIAL","Bronze","A","2023-09-01","Single/Mutiple Relation Location","Digital First","53","53","56","10","238","47","10","0"
"NATIONAL COMMERCIAL","Bronze","A","2023-09-01","Single/Mutiple Account Location","Digital First","53","53","56","10","238","47","10","0"
"NATIONAL COMMERCIAL","Bronze","A","2023-09-01","Single/Mutiple Account Location","Phone First","191","191","224","132","396","105","0","132"
"NATIONAL COMMERCIAL","Diamond","A","2023-09-01","Single/Mutiple Relation Location","Phone First","53","53","66","50","136","22","0","50"
"NATIONAL COMMERCIAL","Silver","A","2023-09-01","Single/Mutiple Relation Location","Phone First","37","37","45","32","80","14","0","32"
"NATIONAL COMMERCIAL","Silver","A","2023-09-01","Single/Mutiple Relation Location","Digital First","3","3","3","2","6","2","2","0"
"NATIONAL COMMERCIAL","Silver","A","2023-09-01","Single/Mutiple Account Location","Digital First","3","3","3","2","6","2","2","0"
"NATIONAL COMMERCIAL","Diamond","A","2023-09-01","Single/Mutiple Relation Location","Digital First","7","7","8","7","17","3","7","0"
"PAY UNAUTHORIZED","Bronze","A","2023-09-01","Single/Mutiple Relation Location","Digital First","7","7","9","0","10","9","0","0"
"PAY UNAUTHORIZED","Bronze","A","2023-09-01","Single/Mutiple Account Location","Digital First","7","7","9","0","10","9","0","0"
"AGREED-CREDIT TERMS","Diamond","A","2023-10-01","Single/Mutiple Relation Location","Phone First","1","1","1","1","2","0","0","1"
"AGREED-CREDIT TERMS","Diamond","A","2023-10-01","Single/Mutiple Account Location","Phone First","1","1","1","1","2","0","0","1"
"BUSINESS ACCOUNT","Bronze","A","2023-10-01","Single/Mutiple Relation Location","Digital First","3","3","5","0","7","5","0","0"
"BUSINESS ACCOUNT","Bronze","A","2023-10-01","Single/Mutiple Account Location","Digital First","3","3","5","0","7","5","0","0"
"CARRIER","Bronze","A","2023-10-01","Single/Mutiple Relation Location","Phone First","6","6","6","6","15","0","0","6"
"CARRIER","Bronze","A","2023-10-01","Single/Mutiple Relation Location","Digital First","5","5","5","5","14","2","4","1"
"CARRIER","Bronze","A","2023-10-01","Single/Mutiple Account Location","Phone First","6","6","6","6","15","0","0","6"
"CARRIER","Bronze","A","2023-10-01","Single/Mutiple Account Location","Digital First","5","5","5","5","14","2","4","1"
"CB BRONZE","Silver","A","2023-10-01","Single/Mutiple Account Location","Digital First","41","41","61","6","233","55","4","2"
"CB BRONZE","Diamond","A","2023-10-01","Single/Mutiple Account Location","Digital First","2","2","2","0","2","2","0","0"
"CB BRONZE","Silver","A","2023-10-01","Single/Mutiple Account Location","Phone First","32","32","34","23","65","16","0","23"
"CB BRONZE","Bronze","A","2023-10-01","Single/Mutiple Relation Location","Digital First","71742","71742","86033","7112","218413","80004","4180","2932"
"CB BRONZE","Bronze","A","2023-10-01","Single/Mutiple Account Location","Phone First","53930","53930","60025","34618","111551","29689","254","34364"
"CB BRONZE","Bronze","A","2023-10-01","Single/Mutiple Relation Location","Phone First","53930","53930","60025","34618","111551","29689","254","34364"
"CB BRONZE","Diamond","A","2023-10-01","Single/Mutiple Relation Location","Phone First","19","19","21","9","36","15","0","9"
"CB BRONZE","Bronze","A","2023-10-01","Single/Mutiple Account Location","Digital First","71742","71742","86033","7112","218413","80004","4180","2932"
"CB BRONZE","Silver","A","2023-10-01","Single/Mutiple Relation Location","Digital First","41","41","61","6","233","55","4","2"
"CB BRONZE","Diamond","A","2023-10-01","Single/Mutiple Relation Location","Digital First","2","2","2","0","2","2","0","0"
"CB BRONZE","Silver","A","2023-10-01","Single/Mutiple Relation Location","Phone First","32","32","34","23","65","16","0","23"
"CB BRONZE","Diamond","A","2023-10-01","Single/Mutiple Account Location","Phone First","19","19","21","9","36","15","0","9"
"CB DIAMOND","Diamond","A","2023-10-01","Single/Mutiple Account Location","Phone First","1548","1548","1711","1230","3795","698","8","1222"
"CB DIAMOND","Bronze","A","2023-10-01","Single/Mutiple Account Location","Digital First","4","4","4","0","8","4","0","0"
"CB DIAMOND","Diamond","A","2023-10-01","Single/Mutiple Relation Location","Digital First","1688","1688","2148","232","8570","1964","117","115"
"CB DIAMOND","Bronze","A","2023-10-01","Single/Mutiple Relation Location","Digital First","4","4","4","0","8","4","0","0"
"CB DIAMOND","Diamond","A","2023-10-01","Single/Mutiple Relation Location","Phone First","1548","1548","1711","1230","3795","698","8","1222"
"CB DIAMOND","Diamond","A","2023-10-01","Single/Mutiple Account Location","Digital First","1688","1688","2148","232","8570","1964","117","115"
"CB GOLD","Diamond","A","2023-10-01","Single/Mutiple Relation Location","Digital First","7","7","9","0","14","9","0","0"
"CB GOLD","Diamond","A","2023-10-01","Single/Mutiple Account Location","Phone First","1","1","1","0","1","1","0","0"
"CB GOLD","Bronze","A","2023-10-01","Single/Mutiple Account Location","Phone First","12","12","12","11","25","1","0","11"
"CB GOLD","Silver","A","2023-10-01","Single/Mutiple Relation Location","Digital First","8","8","8","0","15","8","0","0"
"CB GOLD","Silver","A","2023-10-01","Single/Mutiple Relation Location","Phone First","9","9","9","6","17","3","0","6"
"CB GOLD","Diamond","A","2023-10-01","Single/Mutiple Account Location","Digital First","7","7","9","0","14","9","0","0"
"CB GOLD","Bronze","A","2023-10-01","Single/Mutiple Relation Location","Phone First","12","12","12","11","25","1","0","11"
"CB GOLD","Bronze","A","2023-10-01","Single/Mutiple Relation Location","Digital First","18","18","18","0","28","18","0","0"
"CB GOLD","Diamond","A","2023-10-01","Single/Mutiple Relation Location","Phone First","1","1","1","0","1","1","0","0"
"CB GOLD","Bronze","A","2023-10-01","Single/Mutiple Account Location","Digital First","18","18","18","0","28","18","0","0"
"CB GOLD","Silver","A","2023-10-01","Single/Mutiple Account Location","Phone First","9","9","9","6","17","3","0","6"
"CB GOLD","Silver","A","2023-10-01","Single/Mutiple Account Location","Digital First","8","8","8","0","15","8","0","0"
"CB PLATINUM","Diamond","A","2023-10-01","Single/Mutiple Relation Location","Phone First","13","13","15","7","23","8","0","7"
"CB PLATINUM","Diamond","A","2023-10-01","Single/Mutiple Account Location","Phone First","13","13","15","7","23","8","0","7"
"CB PLATINUM","Diamond","A","2023-10-01","Single/Mutiple Relation Location","Digital First","8","8","9","2","139","7","1","1"
"CB PLATINUM","Diamond","A","2023-10-01","Single/Mutiple Account Location","Digital First","8","8","9","2","139","7","1","1"
"CB PLATINUM","Bronze","A","2023-10-01","Single/Mutiple Account Location","Phone First","13","13","15","8","23","7","0","8"
"CB PLATINUM","Bronze","A","2023-10-01","Single/Mutiple Account Location","Digital First","4","4","5","1","8","4","1","0"
"CB PLATINUM","Silver","A","2023-10-01","Single/Mutiple Account Location","Phone First","1","1","1","1","2","0","0","1"
"CB PLATINUM","Bronze","A","2023-10-01","Single/Mutiple Relation Location","Phone First","13","13","15","8","23","7","0","8"
"CB PLATINUM","Bronze","A","2023-10-01","Single/Mutiple Relation Location","Digital First","4","4","5","1","8","4","1","0"
"CB PLATINUM","Silver","A","2023-10-01","Single/Mutiple Relation Location","Phone First","1","1","1","1","2","0","0","1"
"CB SILVER","Diamond","A","2023-10-01","Single/Mutiple Account Location","Digital First","14","14","15","0","20","15","0","0"
"CB SILVER","Diamond","A","2023-10-01","Single/Mutiple Account Location","Phone First","9","9","10","10","23","2","0","10"
"CB SILVER","Silver","A","2023-10-01","Single/Mutiple Account Location","Phone First","2263","2263","2622","1871","5417","1028","2","1869"
"CB SILVER","Silver","A","2023-10-01","Single/Mutiple Relation Location","Digital First","3404","3404","4326","345","12544","4030","215","130"
"CB SILVER","Silver","A","2023-10-01","Single/Mutiple Account Location","Digital First","3404","3404","4326","345","12544","4030","215","130"
"CB SILVER","Bronze","A","2023-10-01","Single/Mutiple Relation Location","Phone First","3","3","3","3","6","0","0","3"
"CB SILVER","Silver","A","2023-10-01","Single/Mutiple Relation Location","Phone First","2263","2263","2622","1871","5417","1028","2","1869"
"CB SILVER","Bronze","A","2023-10-01","Single/Mutiple Account Location","Digital First","7","7","8","0","18","8","0","0"
"CB SILVER","Diamond","A","2023-10-01","Single/Mutiple Relation Location","Digital First","14","14","15","0","20","15","0","0"
"CB SILVER","Diamond","A","2023-10-01","Single/Mutiple Relation Location","Phone First","9","9","10","10","23","2","0","10"
"CB SILVER","Bronze","A","2023-10-01","Single/Mutiple Relation Location","Digital First","7","7","8","0","18","8","0","0"
"CB SILVER","Bronze","A","2023-10-01","Single/Mutiple Account Location","Phone First","3","3","3","3","6","0","0","3"
"COLLECTIONS ASSISTANCE","Silver","A","2023-10-01","Single/Mutiple Relation Location","Phone First","1","1","1","1","3","0","0","1"
"COLLECTIONS ASSISTANCE","Bronze","A","2023-10-01","Single/Mutiple Account Location","Phone First","2","2","2","0","2","2","0","0"
"COLLECTIONS ASSISTANCE","Bronze","A","2023-10-01","Single/Mutiple Account Location","Digital First","1","1","1","0","1","1","0","0"
"COLLECTIONS ASSISTANCE","Silver","A","2023-10-01","Single/Mutiple Account Location","Phone First","1","1","1","1","3","0","0","1"
"COLLECTIONS ASSISTANCE","Silver","A","2023-10-01","Single/Mutiple Account Location","Digital First","5","5","6","1","8","5","0","1"
"COLLECTIONS ASSISTANCE","Bronze","A","2023-10-01","Single/Mutiple Relation Location","Phone First","2","2","2","0","2","2","0","0"
"COLLECTIONS ASSISTANCE","Bronze","A","2023-10-01","Single/Mutiple Relation Location","Digital First","1","1","1","0","1","1","0","0"
"COLLECTIONS ASSISTANCE","Silver","A","2023-10-01","Single/Mutiple Relation Location","Digital First","5","5","6","1","8","5","0","1"
"INTERNAL COX ACCOUNT","Bronze","A","2023-10-01","Single/Mutiple Relation Location","Digital First","163","163","239","2","728","238","2","0"
"INTERNAL COX ACCOUNT","Silver","A","2023-10-01","Single/Mutiple Relation Location","Digital First","1","1","1","0","1","1","0","0"
"INTERNAL COX ACCOUNT","Diamond","A","2023-10-01","Single/Mutiple Relation Location","Digital First","7","7","9","0","63","9","0","0"
"INTERNAL COX ACCOUNT","Diamond","A","2023-10-01","Single/Mutiple Relation Location","Phone First","8","8","8","5","14","3","0","5"
"INTERNAL COX ACCOUNT","Diamond","A","2023-10-01","Single/Mutiple Account Location","Digital First","7","7","9","0","63","9","0","0"
"INTERNAL COX ACCOUNT","Bronze","A","2023-10-01","Single/Mutiple Account Location","Phone First","79","79","90","80","227","37","0","80"
"INTERNAL COX ACCOUNT","Diamond","A","2023-10-01","Single/Mutiple Account Location","Phone First","8","8","8","5","14","3","0","5"
"INTERNAL COX ACCOUNT","Silver","A","2023-10-01","Single/Mutiple Account Location","Digital First","1","1","1","0","1","1","0","0"
"INTERNAL COX ACCOUNT","Bronze","A","2023-10-01","Single/Mutiple Relation Location","Phone First","79","79","90","80","227","37","0","80"
"INTERNAL COX ACCOUNT","Bronze","A","2023-10-01","Single/Mutiple Account Location","Digital First","163","163","239","2","728","238","2","0"
"MASTER ACCOUNT/DEVELOPMENT","Bronze","A","2023-10-01","Single/Mutiple Account Location","Phone First","1","1","1","0","1","1","0","0"
"MASTER ACCOUNT/DEVELOPMENT","Bronze","A","2023-10-01","Single/Mutiple Account Location","Digital First","1","1","1","0","1","1","0","0"
"MASTER ACCOUNT/DEVELOPMENT","Bronze","A","2023-10-01","Single/Mutiple Relation Location","Phone First","1","1","1","0","1","1","0","0"
"MASTER ACCOUNT/DEVELOPMENT","Bronze","A","2023-10-01","Single/Mutiple Relation Location","Digital First","1","1","1","0","1","1","0","0"
"NATIONAL COMMERCIAL","Silver","A","2023-10-01","Single/Mutiple Relation Location","Phone First","38","38","47","40","96","14","0","40"
"NATIONAL COMMERCIAL","Diamond","A","2023-10-01","Single/Mutiple Relation Location","Phone First","56","56","68","55","132","21","0","55"
"NATIONAL COMMERCIAL","Diamond","A","2023-10-01","Single/Mutiple Account Location","Digital First","3","3","3","2","5","1","2","0"
"NATIONAL COMMERCIAL","Diamond","A","2023-10-01","Single/Mutiple Relation Location","Digital First","3","3","3","2","5","1","2","0"
"NATIONAL COMMERCIAL","Silver","A","2023-10-01","Single/Mutiple Account Location","Digital First","1","1","1","0","1","1","0","0"
"NATIONAL COMMERCIAL","Bronze","A","2023-10-01","Single/Mutiple Account Location","Phone First","204","204","234","132","405","113","0","132"
"NATIONAL COMMERCIAL","Bronze","A","2023-10-01","Single/Mutiple Relation Location","Digital First","54","54","55","8","260","47","6","2"
"NATIONAL COMMERCIAL","Silver","A","2023-10-01","Single/Mutiple Account Location","Phone First","38","38","47","40","96","14","0","40"
"NATIONAL COMMERCIAL","Silver","A","2023-10-01","Single/Mutiple Relation Location","Digital First","1","1","1","0","1","1","0","0"
"NATIONAL COMMERCIAL","Bronze","A","2023-10-01","Single/Mutiple Relation Location","Phone First","204","204","234","132","405","113","0","132"
"NATIONAL COMMERCIAL","Bronze","A","2023-10-01","Single/Mutiple Account Location","Digital First","54","54","55","8","260","47","6","2"
"NATIONAL COMMERCIAL","Diamond","A","2023-10-01","Single/Mutiple Account Location","Phone First","56","56","68","55","132","21","0","55"
"PAY UNAUTHORIZED","Bronze","A","2023-10-01","Single/Mutiple Relation Location","Digital First","4","4","4","0","7","4","0","0"
"PAY UNAUTHORIZED","Bronze","A","2023-10-01","Single/Mutiple Account Location","Digital First","4","4","4","0","7","4","0","0"
"TEST ACCOUNT","Bronze","A","2023-10-01","Single/Mutiple Account Location","Digital First","2","2","2","0","3","2","0","0"
"TEST ACCOUNT","Bronze","A","2023-10-01","Single/Mutiple Relation Location","Digital First","2","2","2","0","3","2","0","0"
"BUSINESS ACCOUNT","Bronze","A","2023-11-01","Single/Mutiple Relation Location","Digital First","2","2","4","0","4","4","0","0"
"BUSINESS ACCOUNT","Bronze","A","2023-11-01","Single/Mutiple Account Location","Digital First","2","2","4","0","4","4","0","0"
"CARRIER","Bronze","A","2023-11-01","Single/Mutiple Relation Location","Phone First","6","6","7","5","12","2","0","5"
"CARRIER","Bronze","A","2023-11-01","Single/Mutiple Relation Location","Digital First","2","2","2","0","4","2","0","0"
"CARRIER","Bronze","A","2023-11-01","Single/Mutiple Account Location","Phone First","6","6","7","5","12","2","0","5"
"CARRIER","Bronze","A","2023-11-01","Single/Mutiple Account Location","Digital First","2","2","2","0","4","2","0","0"
"CB BRONZE","Bronze","A","2023-11-01","Single/Mutiple Relation Location","Digital First","71097","71097","87069","8440","283628","79998","5438","3002"
"CB BRONZE","Bronze","A","2023-11-01","Single/Mutiple Relation Location","Phone First","64045","64045","70948","42426","137029","34147","451","41975"
"CB BRONZE","Silver","A","2023-11-01","Single/Mutiple Account Location","Digital First","31","31","43","4","329","40","0","4"
"CB BRONZE","Silver","A","2023-11-01","Single/Mutiple Account Location","Phone First","28","28","32","19","59","14","2","17"
"CB BRONZE","Silver","A","2023-11-01","Single/Mutiple Relation Location","Phone First","28","28","32","19","59","14","2","17"
"CB BRONZE","Silver","A","2023-11-01","Single/Mutiple Relation Location","Digital First","31","31","43","4","329","40","0","4"
"CB BRONZE","Bronze","A","2023-11-01","Single/Mutiple Account Location","Phone First","64045","64045","70948","42426","137029","34147","451","41975"
"CB BRONZE","Diamond","A","2023-11-01","Single/Mutiple Account Location","Phone First","20","20","21","12","38","12","0","12"
"CB BRONZE","Bronze","A","2023-11-01","Single/Mutiple Account Location","Digital First","71097","71097","87069","8440","283628","79998","5438","3002"
"CB BRONZE","Diamond","A","2023-11-01","Single/Mutiple Relation Location","Phone First","20","20","21","12","38","12","0","12"
"CB DIAMOND","Diamond","A","2023-11-01","Single/Mutiple Relation Location","Phone First","2225","2225","2383","1481","4510","1124","4","1477"
"CB DIAMOND","Diamond","A","2023-11-01","Single/Mutiple Relation Location","Digital First","1679","1679","2150","133","12410","2030","110","23"
"CB DIAMOND","Bronze","A","2023-11-01","Single/Mutiple Account Location","Phone First","1","1","1","1","2","0","0","1"
"CB DIAMOND","Bronze","A","2023-11-01","Single/Mutiple Relation Location","Phone First","1","1","1","1","2","0","0","1"
"CB DIAMOND","Diamond","A","2023-11-01","Single/Mutiple Account Location","Digital First","1679","1679","2150","133","12410","2030","110","23"
"CB DIAMOND","Diamond","A","2023-11-01","Single/Mutiple Account Location","Phone First","2225","2225","2383","1481","4510","1124","4","1477"
"CB DIAMOND","Bronze","A","2023-11-01","Single/Mutiple Relation Location","Digital First","2","2","2","0","5","2","0","0"
"CB DIAMOND","Bronze","A","2023-11-01","Single/Mutiple Account Location","Digital First","2","2","2","0","5","2","0","0"
"CB GOLD","Silver","A","2023-11-01","Single/Mutiple Account Location","Digital First","5","5","5","0","11","5","0","0"
"CB GOLD","Bronze","A","2023-11-01","Single/Mutiple Account Location","Digital First","29","29","29","0","67","29","0","0"
"CB GOLD","Silver","A","2023-11-01","Single/Mutiple Account Location","Phone First","6","6","7","6","19","2","0","6"
"CB GOLD","Silver","A","2023-11-01","Single/Mutiple Relation Location","Digital First","5","5","5","0","11","5","0","0"
"CB GOLD","Silver","A","2023-11-01","Single/Mutiple Relation Location","Phone First","6","6","7","6","19","2","0","6"
"CB GOLD","Bronze","A","2023-11-01","Single/Mutiple Relation Location","Phone First","9","9","12","7","19","6","0","7"
"CB GOLD","Diamond","A","2023-11-01","Single/Mutiple Relation Location","Digital First","5","5","6","0","11","6","0","0"
"CB GOLD","Bronze","A","2023-11-01","Single/Mutiple Relation Location","Digital First","29","29","29","0","67","29","0","0"
"CB GOLD","Diamond","A","2023-11-01","Single/Mutiple Account Location","Digital First","5","5","6","0","11","6","0","0"
"CB GOLD","Bronze","A","2023-11-01","Single/Mutiple Account Location","Phone First","9","9","12","7","19","6","0","7"
"CB GOLD","Diamond","A","2023-11-01","Single/Mutiple Relation Location","Phone First","5","5","5","3","10","2","0","3"
"CB GOLD","Diamond","A","2023-11-01","Single/Mutiple Account Location","Phone First","5","5","5","3","10","2","0","3"
"CB PLATINUM","Diamond","A","2023-11-01","Single/Mutiple Relation Location","Phone First","15","15","15","8","23","7","0","8"
"CB PLATINUM","Diamond","A","2023-11-01","Single/Mutiple Account Location","Digital First","8","8","10","0","96","10","0","0"
"CB PLATINUM","Bronze","A","2023-11-01","Single/Mutiple Relation Location","Phone First","14","14","15","7","23","8","0","7"
"CB PLATINUM","Silver","A","2023-11-01","Single/Mutiple Account Location","Phone First","8","8","8","7","16","1","0","7"
"CB PLATINUM","Diamond","A","2023-11-01","Single/Mutiple Relation Location","Digital First","8","8","10","0","96","10","0","0"
"CB PLATINUM","Silver","A","2023-11-01","Single/Mutiple Relation Location","Phone First","8","8","8","7","16","1","0","7"
"CB PLATINUM","Bronze","A","2023-11-01","Single/Mutiple Account Location","Digital First","2","2","2","0","6","2","0","0"
"CB PLATINUM","Bronze","A","2023-11-01","Single/Mutiple Relation Location","Digital First","2","2","2","0","6","2","0","0"
"CB PLATINUM","Bronze","A","2023-11-01","Single/Mutiple Account Location","Phone First","14","14","15","7","23","8","0","7"
"CB PLATINUM","Diamond","A","2023-11-01","Single/Mutiple Account Location","Phone First","15","15","15","8","23","7","0","8"
"CB SILVER","Bronze","A","2023-11-01","Single/Mutiple Account Location","Digital First","15","15","22","3","75","19","3","0"
"CB SILVER","Silver","A","2023-11-01","Single/Mutiple Account Location","Phone First","2879","2879","3264","2349","6645","1292","12","2337"
"CB SILVER","Bronze","A","2023-11-01","Single/Mutiple Relation Location","Phone First","8","8","10","8","22","4","0","8"
"CB SILVER","Silver","A","2023-11-01","Single/Mutiple Account Location","Digital First","3398","3398","4305","447","16209","3928","333","114"
"CB SILVER","Bronze","A","2023-11-01","Single/Mutiple Account Location","Phone First","8","8","10","8","22","4","0","8"
"CB SILVER","Silver","A","2023-11-01","Single/Mutiple Relation Location","Phone First","2879","2879","3264","2349","6645","1292","12","2337"
"CB SILVER","Diamond","A","2023-11-01","Single/Mutiple Account Location","Phone First","8","8","8","8","18","1","0","8"
"CB SILVER","Diamond","A","2023-11-01","Single/Mutiple Account Location","Digital First","8","8","8","0","22","8","0","0"
"CB SILVER","Diamond","A","2023-11-01","Single/Mutiple Relation Location","Phone First","8","8","8","8","18","1","0","8"
"CB SILVER","Diamond","A","2023-11-01","Single/Mutiple Relation Location","Digital First","8","8","8","0","22","8","0","0"
"CB SILVER","Bronze","A","2023-11-01","Single/Mutiple Relation Location","Digital First","15","15","22","3","75","19","3","0"
"CB SILVER","Silver","A","2023-11-01","Single/Mutiple Relation Location","Digital First","3398","3398","4305","447","16209","3928","333","114"
"COLLECTIONS ASSISTANCE","Bronze","A","2023-11-01","Single/Mutiple Account Location","Phone First","1","1","1","0","1","1","0","0"
"COLLECTIONS ASSISTANCE","Bronze","A","2023-11-01","Single/Mutiple Relation Location","Phone First","1","1","1","0","1","1","0","0"
"COLLECTIONS ASSISTANCE","Bronze","A","2023-11-01","Single/Mutiple Relation Location","Digital First","1","1","1","0","1","1","0","0"
"COLLECTIONS ASSISTANCE","Silver","A","2023-11-01","Single/Mutiple Relation Location","Digital First","4","4","7","3","23","4","3","0"
"COLLECTIONS ASSISTANCE","Bronze","A","2023-11-01","Single/Mutiple Account Location","Digital First","1","1","1","0","1","1","0","0"
"COLLECTIONS ASSISTANCE","Silver","A","2023-11-01","Single/Mutiple Account Location","Digital First","4","4","7","3","23","4","3","0"
"INTERNAL COX ACCOUNT","Diamond","A","2023-11-01","Single/Mutiple Account Location","Digital First","5","5","7","0","18","7","0","0"
"INTERNAL COX ACCOUNT","Diamond","A","2023-11-01","Single/Mutiple Relation Location","Phone First","4","4","4","4","14","2","0","4"
"INTERNAL COX ACCOUNT","Silver","A","2023-11-01","Single/Mutiple Account Location","Digital First","2","2","3","0","3","3","0","0"
"INTERNAL COX ACCOUNT","Bronze","A","2023-11-01","Single/Mutiple Account Location","Digital First","152","152","209","7","738","205","7","0"
"INTERNAL COX ACCOUNT","Silver","A","2023-11-01","Single/Mutiple Relation Location","Phone First","1","1","1","1","4","0","0","1"
"INTERNAL COX ACCOUNT","Bronze","A","2023-11-01","Single/Mutiple Relation Location","Digital First","152","152","209","7","738","205","7","0"
"INTERNAL COX ACCOUNT","Bronze","A","2023-11-01","Single/Mutiple Account Location","Phone First","104","104","120","91","259","41","0","91"
"INTERNAL COX ACCOUNT","Silver","A","2023-11-01","Single/Mutiple Relation Location","Digital First","2","2","3","0","3","3","0","0"
"INTERNAL COX ACCOUNT","Diamond","A","2023-11-01","Single/Mutiple Relation Location","Digital First","5","5","7","0","18","7","0","0"
"INTERNAL COX ACCOUNT","Bronze","A","2023-11-01","Single/Mutiple Relation Location","Phone First","104","104","120","91","259","41","0","91"
"INTERNAL COX ACCOUNT","Silver","A","2023-11-01","Single/Mutiple Account Location","Phone First","1","1","1","1","4","0","0","1"
"INTERNAL COX ACCOUNT","Diamond","A","2023-11-01","Single/Mutiple Account Location","Phone First","4","4","4","4","14","2","0","4"
"MASTER ACCOUNT/DEVELOPMENT","Bronze","A","2023-11-01","Single/Mutiple Relation Location","Digital First","2","2","2","0","4","2","0","0"
"MASTER ACCOUNT/DEVELOPMENT","Bronze","A","2023-11-01","Single/Mutiple Account Location","Digital First","2","2","2","0","4","2","0","0"
"MASTER-ACCOUNT DEVELOPMENT","Diamond","A","2023-11-01","Single/Mutiple Relation Location","Phone First","1","1","1","0","1","1","0","0"
"MASTER-ACCOUNT DEVELOPMENT","Diamond","A","2023-11-01","Single/Mutiple Account Location","Phone First","1","1","1","0","1","1","0","0"
"NATIONAL COMMERCIAL","Bronze","A","2023-11-01","Single/Mutiple Relation Location","Phone First","240","240","284","184","516","125","0","184"
"NATIONAL COMMERCIAL","Silver","A","2023-11-01","Single/Mutiple Relation Location","Digital First","3","3","3","1","4","2","1","0"
"NATIONAL COMMERCIAL","Silver","A","2023-11-01","Single/Mutiple Account Location","Phone First","56","56","67","60","139","14","0","60"
"NATIONAL COMMERCIAL","Diamond","A","2023-11-01","Single/Mutiple Account Location","Phone First","81","81","90","76","181","23","0","76"
"NATIONAL COMMERCIAL","Bronze","A","2023-11-01","Single/Mutiple Relation Location","Digital First","56","56","56","11","125","45","11","0"
"NATIONAL COMMERCIAL","Bronze","A","2023-11-01","Single/Mutiple Account Location","Digital First","56","56","56","11","125","45","11","0"
"NATIONAL COMMERCIAL","Bronze","A","2023-11-01","Single/Mutiple Account Location","Phone First","240","240","284","184","516","125","0","184"
"NATIONAL COMMERCIAL","Diamond","A","2023-11-01","Single/Mutiple Relation Location","Phone First","81","81","90","76","181","23","0","76"
"NATIONAL COMMERCIAL","Silver","A","2023-11-01","Single/Mutiple Account Location","Digital First","3","3","3","1","4","2","1","0"
"NATIONAL COMMERCIAL","Silver","A","2023-11-01","Single/Mutiple Relation Location","Phone First","56","56","67","60","139","14","0","60"
"PAY UNAUTHORIZED","Bronze","A","2023-11-01","Single/Mutiple Relation Location","Digital First","4","4","4","0","7","4","0","0"
"PAY UNAUTHORIZED","Bronze","A","2023-11-01","Single/Mutiple Account Location","Digital First","4","4","4","0","7","4","0","0"
"TEST ACCOUNT","Bronze","A","2023-11-01","Single/Mutiple Account Location","Digital First","2","2","2","0","2","2","0","0"
"TEST ACCOUNT","Bronze","A","2023-11-01","Single/Mutiple Relation Location","Digital First","2","2","2","0","2","2","0","0"
"AGREED-CREDIT TERMS","Bronze","A","2024-09-01","Single/Mutiple Account Location","Phone First","1","1","1","0","3","1","0","0"
"AGREED-CREDIT TERMS","Bronze","A","2024-09-01","Single/Mutiple Relation Location","Phone First","1","1","1","0","3","1","0","0"
"CARE ACT INTERNET CST","Bronze","A","2024-09-01","Single/Mutiple Account Location","Phone First","2","2","3","1","4","2","0","1"
"CARE ACT INTERNET CST","Bronze","A","2024-09-01","Single/Mutiple Relation Location","Phone First","2","2","3","1","4","2","0","1"
"CARRIER","Bronze","A","2024-09-01","Single/Mutiple Account Location","Digital First","15","15","15","1","30","14","1","0"
"CARRIER","Bronze","A","2024-09-01","Single/Mutiple Relation Location","Digital First","15","15","15","1","30","14","1","0"
"CARRIER","Bronze","A","2024-09-01","Single/Mutiple Account Location","Phone First","12","12","13","12","29","3","0","12"
"CARRIER","Bronze","A","2024-09-01","Single/Mutiple Relation Location","Phone First","12","12","13","12","29","3","0","12"
"CB BRONZE","Bronze","A","2024-09-01","Single/Mutiple Relation Location","Phone First","66569","66569","70021","44415","144558","32308","304","44111"
"CB BRONZE","Bronze","A","2024-09-01","Single/Mutiple Account Location","Phone First","66569","66569","70021","44415","144558","32308","304","44111"
"CB BRONZE","Silver","A","2024-09-01","Single/Mutiple Relation Location","Digital First","23","23","32","1","202","31","1","0"
"CB BRONZE","Silver","A","2024-09-01","Single/Mutiple Account Location","Digital First","23","23","32","1","202","31","1","0"
"CB BRONZE","Silver","A","2024-09-01","Single/Mutiple Account Location","Phone First","47","47","49","44","119","13","0","44"
"CB BRONZE","Bronze","A","2024-09-01","Single/Mutiple Account Location","Digital First","79034","79034","96853","7230","325118","90952","3709","3521"
"CB BRONZE","Diamond","A","2024-09-01","Single/Mutiple Relation Location","Digital First","4","4","4","0","8","4","0","0"
"CB BRONZE","Silver","A","2024-09-01","Single/Mutiple Relation Location","Phone First","47","47","49","44","119","13","0","44"
"CB BRONZE","Diamond","A","2024-09-01","Single/Mutiple Account Location","Phone First","18","18","18","4","26","14","0","4"
"CB BRONZE","Diamond","A","2024-09-01","Single/Mutiple Account Location","Digital First","4","4","4","0","8","4","0","0"
"CB BRONZE","Diamond","A","2024-09-01","Single/Mutiple Relation Location","Phone First","18","18","18","4","26","14","0","4"
"CB BRONZE","Bronze","A","2024-09-01","Single/Mutiple Relation Location","Digital First","79034","79034","96853","7230","325118","90952","3709","3521"
"CB DIAMOND","Diamond","A","2024-09-01","Single/Mutiple Relation Location","Digital First","1634","1634","2159","40","11922","2121","30","10"
"CB DIAMOND","Bronze","A","2024-09-01","Single/Mutiple Account Location","Phone First","3","3","3","3","7","0","0","3"
"CB DIAMOND","Bronze","A","2024-09-01","Single/Mutiple Account Location","Digital First","4","4","4","0","9","4","0","0"
"CB DIAMOND","Diamond","A","2024-09-01","Single/Mutiple Account Location","Digital First","1634","1634","2159","40","11922","2121","30","10"
"CB DIAMOND","Bronze","A","2024-09-01","Single/Mutiple Relation Location","Phone First","3","3","3","3","7","0","0","3"
"CB DIAMOND","Diamond","A","2024-09-01","Single/Mutiple Account Location","Phone First","2506","2506","2572","1544","4838","1270","1","1543"
"CB DIAMOND","Bronze","A","2024-09-01","Single/Mutiple Relation Location","Digital First","4","4","4","0","9","4","0","0"
"CB DIAMOND","Diamond","A","2024-09-01","Single/Mutiple Relation Location","Phone First","2506","2506","2572","1544","4838","1270","1","1543"
"CB GOLD","Silver","A","2024-09-01","Single/Mutiple Relation Location","Phone First","8","8","8","2","15","6","0","2"
"CB GOLD","Bronze","A","2024-09-01","Single/Mutiple Relation Location","Phone First","14","14","15","14","35","4","0","14"
"CB GOLD","Diamond","A","2024-09-01","Single/Mutiple Relation Location","Phone First","3","3","3","1","4","2","0","1"
"CB GOLD","Bronze","A","2024-09-01","Single/Mutiple Account Location","Phone First","14","14","15","14","35","4","0","14"
"CB GOLD","Diamond","A","2024-09-01","Single/Mutiple Account Location","Digital First","4","4","5","0","49","5","0","0"
"CB GOLD","Silver","A","2024-09-01","Single/Mutiple Relation Location","Digital First","6","6","7","0","14","7","0","0"
"CB GOLD","Diamond","A","2024-09-01","Single/Mutiple Relation Location","Digital First","4","4","5","0","49","5","0","0"
"CB GOLD","Bronze","A","2024-09-01","Single/Mutiple Account Location","Digital First","15","15","17","3","90","14","1","2"
"CB GOLD","Silver","A","2024-09-01","Single/Mutiple Account Location","Digital First","6","6","7","0","14","7","0","0"
"CB GOLD","Diamond","A","2024-09-01","Single/Mutiple Account Location","Phone First","3","3","3","1","4","2","0","1"
"CB GOLD","Silver","A","2024-09-01","Single/Mutiple Account Location","Phone First","8","8","8","2","15","6","0","2"
"CB GOLD","Bronze","A","2024-09-01","Single/Mutiple Relation Location","Digital First","15","15","17","3","90","14","1","2"
"CB PLATINUM","Bronze","A","2024-09-01","Single/Mutiple Relation Location","Digital First","5","5","5","0","10","5","0","0"
"CB PLATINUM","Diamond","A","2024-09-01","Single/Mutiple Relation Location","Phone First","25","25","25","4","35","22","0","4"
"CB PLATINUM","Bronze","A","2024-09-01","Single/Mutiple Account Location","Phone First","22","22","22","12","57","10","0","12"
"CB PLATINUM","Diamond","A","2024-09-01","Single/Mutiple Account Location","Phone First","25","25","25","4","35","22","0","4"
"CB PLATINUM","Silver","A","2024-09-01","Single/Mutiple Relation Location","Phone First","3","3","3","3","7","0","0","3"
"CB PLATINUM","Bronze","A","2024-09-01","Single/Mutiple Relation Location","Phone First","22","22","22","12","57","10","0","12"
"CB PLATINUM","Bronze","A","2024-09-01","Single/Mutiple Account Location","Digital First","5","5","5","0","10","5","0","0"
"CB PLATINUM","Diamond","A","2024-09-01","Single/Mutiple Relation Location","Digital First","10","10","10","0","28","10","0","0"
"CB PLATINUM","Diamond","A","2024-09-01","Single/Mutiple Account Location","Digital First","10","10","10","0","28","10","0","0"
"CB PLATINUM","Silver","A","2024-09-01","Single/Mutiple Account Location","Phone First","3","3","3","3","7","0","0","3"
"CB SILVER","Silver","A","2024-09-01","Single/Mutiple Relation Location","Phone First","3060","3060","3157","2469","7044","1113","3","2466"
"CB SILVER","Diamond","A","2024-09-01","Single/Mutiple Relation Location","Phone First","11","11","11","9","32","5","0","9"
"CB SILVER","Silver","A","2024-09-01","Single/Mutiple Relation Location","Digital First","3501","3501","4485","163","17605","4353","56","107"
"CB SILVER","Diamond","A","2024-09-01","Single/Mutiple Account Location","Digital First","12","12","13","0","24","13","0","0"
"CB SILVER","Bronze","A","2024-09-01","Single/Mutiple Relation Location","Digital First","15","15","17","1","43","16","0","1"
"CB SILVER","Silver","A","2024-09-01","Single/Mutiple Account Location","Digital First","3501","3501","4485","163","17605","4353","56","107"
"CB SILVER","Bronze","A","2024-09-01","Single/Mutiple Account Location","Phone First","15","15","16","16","37","2","0","16"
"CB SILVER","Bronze","A","2024-09-01","Single/Mutiple Relation Location","Phone First","15","15","16","16","37","2","0","16"
"CB SILVER","Diamond","A","2024-09-01","Single/Mutiple Account Location","Phone First","11","11","11","9","32","5","0","9"
"CB SILVER","Diamond","A","2024-09-01","Single/Mutiple Relation Location","Digital First","12","12","13","0","24","13","0","0"
"CB SILVER","Silver","A","2024-09-01","Single/Mutiple Account Location","Phone First","3060","3060","3157","2469","7044","1113","3","2466"
"CB SILVER","Bronze","A","2024-09-01","Single/Mutiple Account Location","Digital First","15","15","17","1","43","16","0","1"
"COLLECTIONS ASSISTANCE","Bronze","A","2024-09-01","Single/Mutiple Relation Location","Digital First","1","1","1","0","1","1","0","0"
"COLLECTIONS ASSISTANCE","Silver","A","2024-09-01","Single/Mutiple Relation Location","Phone First","2","2","2","2","4","0","0","2"
"COLLECTIONS ASSISTANCE","Bronze","A","2024-09-01","Single/Mutiple Relation Location","Phone First","1","1","1","0","1","1","0","0"
"COLLECTIONS ASSISTANCE","Bronze","A","2024-09-01","Single/Mutiple Account Location","Phone First","1","1","1","0","1","1","0","0"
"COLLECTIONS ASSISTANCE","Bronze","A","2024-09-01","Single/Mutiple Account Location","Digital First","1","1","1","0","1","1","0","0"
"COLLECTIONS ASSISTANCE","Silver","A","2024-09-01","Single/Mutiple Account Location","Phone First","2","2","2","2","4","0","0","2"
"INTERNAL COX ACCOUNT","Silver","A","2024-09-01","Single/Mutiple Account Location","Digital First","9","9","11","0","23","11","0","0"
"INTERNAL COX ACCOUNT","Bronze","A","2024-09-01","Single/Mutiple Relation Location","Digital First","370","370","521","11","2222","515","8","3"
"INTERNAL COX ACCOUNT","Silver","A","2024-09-01","Single/Mutiple Account Location","Phone First","4","4","4","1","7","3","0","1"
"INTERNAL COX ACCOUNT","Diamond","A","2024-09-01","Single/Mutiple Account Location","Phone First","9","9","10","7","23","3","0","7"
"INTERNAL COX ACCOUNT","Bronze","A","2024-09-01","Single/Mutiple Account Location","Phone First","141","141","162","132","473","69","0","132"
"INTERNAL COX ACCOUNT","Bronze","A","2024-09-01","Single/Mutiple Account Location","Digital First","370","370","521","11","2222","515","8","3"
"INTERNAL COX ACCOUNT","Silver","A","2024-09-01","Single/Mutiple Relation Location","Phone First","4","4","4","1","7","3","0","1"
"INTERNAL COX ACCOUNT","Bronze","A","2024-09-01","Single/Mutiple Relation Location","Phone First","141","141","162","132","473","69","0","132"
"INTERNAL COX ACCOUNT","Diamond","A","2024-09-01","Single/Mutiple Relation Location","Phone First","9","9","10","7","23","3","0","7"
"INTERNAL COX ACCOUNT","Diamond","A","2024-09-01","Single/Mutiple Relation Location","Digital First","7","7","10","0","15","10","0","0"
"INTERNAL COX ACCOUNT","Diamond","A","2024-09-01","Single/Mutiple Account Location","Digital First","7","7","10","0","15","10","0","0"
"INTERNAL COX ACCOUNT","Silver","A","2024-09-01","Single/Mutiple Relation Location","Digital First","9","9","11","0","23","11","0","0"
"MASTER ACCOUNT/DEVELOPMENT","Bronze","A","2024-09-01","Single/Mutiple Relation Location","Digital First","2","2","2","0","3","2","0","0"
"MASTER ACCOUNT/DEVELOPMENT","Silver","A","2024-09-01","Single/Mutiple Relation Location","Phone First","1","1","1","1","2","0","0","1"
"MASTER ACCOUNT/DEVELOPMENT","Silver","A","2024-09-01","Single/Mutiple Account Location","Phone First","1","1","1","1","2","0","0","1"
"MASTER ACCOUNT/DEVELOPMENT","Bronze","A","2024-09-01","Single/Mutiple Account Location","Digital First","2","2","2","0","3","2","0","0"
"MASTER-ACCOUNT DEVELOPMENT","Diamond","A","2024-09-01","Single/Mutiple Account Location","Phone First","1","1","1","0","1","1","0","0"
"MASTER-ACCOUNT DEVELOPMENT","Diamond","A","2024-09-01","Single/Mutiple Relation Location","Phone First","1","1","1","0","1","1","0","0"
"NATIONAL ACCNT IDENTIFIER","Bronze","A","2024-09-01","Single/Mutiple Account Location","Phone First","1","1","1","0","1","1","0","0"
"NATIONAL ACCNT IDENTIFIER","Bronze","A","2024-09-01","Single/Mutiple Relation Location","Phone First","1","1","1","0","1","1","0","0"
"NATIONAL COMMERCIAL","Silver","A","2024-09-01","Single/Mutiple Relation Location","Phone First","31","31","31","30","74","8","0","30"
"NATIONAL COMMERCIAL","Bronze","A","2024-09-01","Single/Mutiple Account Location","Digital First","32","32","34","5","300","29","5","0"
"NATIONAL COMMERCIAL","Silver","A","2024-09-01","Single/Mutiple Account Location","Phone First","31","31","31","30","74","8","0","30"
"NATIONAL COMMERCIAL","Diamond","A","2024-09-01","Single/Mutiple Account Location","Phone First","60","60","62","53","139","17","1","52"
"NATIONAL COMMERCIAL","Bronze","A","2024-09-01","Single/Mutiple Account Location","Phone First","248","248","254","157","515","131","1","156"
"NATIONAL COMMERCIAL","Bronze","A","2024-09-01","Single/Mutiple Relation Location","Phone First","248","248","254","157","515","131","1","156"
"NATIONAL COMMERCIAL","Diamond","A","2024-09-01","Single/Mutiple Relation Location","Phone First","60","60","62","53","139","17","1","52"
"NATIONAL COMMERCIAL","Bronze","A","2024-09-01","Single/Mutiple Relation Location","Digital First","32","32","34","5","300","29","5","0"
"PAY UNAUTHORIZED","Bronze","A","2024-09-01","Single/Mutiple Account Location","Digital First","12","12","17","0","31","17","0","0"
"PAY UNAUTHORIZED","Bronze","A","2024-09-01","Single/Mutiple Relation Location","Digital First","12","12","17","0","31","17","0","0"
"TAMPERED BOX","Bronze","A","2024-09-01","Single/Mutiple Relation Location","Phone First","2","2","3","1","4","2","0","1"
"TAMPERED BOX","Bronze","A","2024-09-01","Single/Mutiple Account Location","Phone First","2","2","3","1","4","2","0","1"
"CARRIER","Bronze","A","2024-10-01","Single/Mutiple Relation Location","Digital First","5","5","6","0","18","6","0","0"
"CARRIER","Bronze","A","2024-10-01","Single/Mutiple Account Location","Digital First","5","5","6","0","18","6","0","0"
"CARRIER","Bronze","A","2024-10-01","Single/Mutiple Relation Location","Phone First","8","8","8","5","14","3","0","5"
"CARRIER","Bronze","A","2024-10-01","Single/Mutiple Account Location","Phone First","8","8","8","5","14","3","0","5"
"CB BRONZE","Diamond","A","2024-10-01","Single/Mutiple Relation Location","Phone First","26","26","28","14","48","15","0","14"
"CB BRONZE","Silver","A","2024-10-01","Single/Mutiple Account Location","Phone First","41","41","42","34","92","14","0","34"
"CB BRONZE","Bronze","A","2024-10-01","Single/Mutiple Account Location","Digital First","5799","5799","6030","3704","15031","2911","2799","905"
"CB BRONZE","Silver","A","2024-10-01","Single/Mutiple Account Location","Digital First","9","9","9","0","21","9","0","0"
"CB BRONZE","Bronze","A","2024-10-01","Single/Mutiple Relation Location","Digital First","5799","5799","6030","3704","15031","2911","2799","905"
"CB BRONZE","Diamond","A","2024-10-01","Single/Mutiple Account Location","Phone First","26","26","28","14","48","15","0","14"
"CB BRONZE","Silver","A","2024-10-01","Single/Mutiple Relation Location","Phone First","41","41","42","34","92","14","0","34"
"CB BRONZE","Bronze","A","2024-10-01","Single/Mutiple Relation Location","Phone First","72537","72537","76707","49827","152924","34279","315","49512"
"CB BRONZE","Silver","A","2024-10-01","Single/Mutiple Relation Location","Digital First","9","9","9","0","21","9","0","0"
"CB BRONZE","Bronze","A","2024-10-01","Single/Mutiple Account Location","Phone First","72537","72537","76707","49827","152924","34279","315","49512"
"CB DIAMOND","Diamond","A","2024-10-01","Single/Mutiple Relation Location","Phone First","2743","2743","2853","1736","5422","1413","1","1735"
"CB DIAMOND","Bronze","A","2024-10-01","Single/Mutiple Account Location","Phone First","8","8","9","8","19","1","0","8"
"CB DIAMOND","Bronze","A","2024-10-01","Single/Mutiple Account Location","Digital First","4","4","4","1","6","3","1","0"
"CB DIAMOND","Bronze","A","2024-10-01","Single/Mutiple Relation Location","Phone First","8","8","9","8","19","1","0","8"
"CB DIAMOND","Diamond","A","2024-10-01","Single/Mutiple Relation Location","Digital First","108","108","115","24","398","92","19","5"
"CB DIAMOND","Diamond","A","2024-10-01","Single/Mutiple Account Location","Digital First","108","108","115","24","398","92","19","5"
"CB DIAMOND","Diamond","A","2024-10-01","Single/Mutiple Account Location","Phone First","2743","2743","2853","1736","5422","1413","1","1735"
"CB DIAMOND","Bronze","A","2024-10-01","Single/Mutiple Relation Location","Digital First","4","4","4","1","6","3","1","0"
"CB GOLD","Diamond","A","2024-10-01","Single/Mutiple Relation Location","Phone First","3","3","3","2","5","1","0","2"
"CB GOLD","Bronze","A","2024-10-01","Single/Mutiple Account Location","Phone First","12","12","12","9","24","5","0","9"
"CB GOLD","Silver","A","2024-10-01","Single/Mutiple Account Location","Phone First","15","15","15","5","25","11","0","5"
"CB GOLD","Silver","A","2024-10-01","Single/Mutiple Relation Location","Phone First","15","15","15","5","25","11","0","5"
"CB GOLD","Bronze","A","2024-10-01","Single/Mutiple Relation Location","Phone First","12","12","12","9","24","5","0","9"
"CB GOLD","Diamond","A","2024-10-01","Single/Mutiple Account Location","Phone First","3","3","3","2","5","1","0","2"
"CB PLATINUM","Silver","A","2024-10-01","Single/Mutiple Account Location","Phone First","1","1","1","0","1","1","0","0"
"CB PLATINUM","Silver","A","2024-10-01","Single/Mutiple Relation Location","Phone First","1","1","1","0","1","1","0","0"
"CB PLATINUM","Diamond","A","2024-10-01","Single/Mutiple Account Location","Phone First","35","35","36","9","47","29","0","9"
"CB PLATINUM","Bronze","A","2024-10-01","Single/Mutiple Account Location","Phone First","18","18","19","10","35","9","0","10"
"CB PLATINUM","Bronze","A","2024-10-01","Single/Mutiple Relation Location","Phone First","18","18","19","10","35","9","0","10"
"CB PLATINUM","Diamond","A","2024-10-01","Single/Mutiple Relation Location","Phone First","35","35","36","9","47","29","0","9"
"CB SILVER","Diamond","A","2024-10-01","Single/Mutiple Relation Location","Phone First","21","21","23","14","43","10","0","14"
"CB SILVER","Silver","A","2024-10-01","Single/Mutiple Account Location","Phone First","3285","3285","3418","2588","7213","1284","4","2584"
"CB SILVER","Bronze","A","2024-10-01","Single/Mutiple Relation Location","Phone First","15","15","15","17","46","2","0","17"
"CB SILVER","Silver","A","2024-10-01","Single/Mutiple Relation Location","Digital First","162","162","172","62","355","115","55","7"
"CB SILVER","Silver","A","2024-10-01","Single/Mutiple Account Location","Digital First","162","162","172","62","355","115","55","7"
"CB SILVER","Bronze","A","2024-10-01","Single/Mutiple Account Location","Phone First","15","15","15","17","46","2","0","17"
"CB SILVER","Diamond","A","2024-10-01","Single/Mutiple Account Location","Phone First","21","21","23","14","43","10","0","14"
"CB SILVER","Silver","A","2024-10-01","Single/Mutiple Relation Location","Phone First","3285","3285","3418","2588","7213","1284","4","2584"
"COLLECTIONS ASSISTANCE","Silver","A","2024-10-01","Single/Mutiple Account Location","Phone First","1","1","1","1","2","0","0","1"
"COLLECTIONS ASSISTANCE","Bronze","A","2024-10-01","Single/Mutiple Relation Location","Phone First","3","3","3","3","7","1","0","3"
"COLLECTIONS ASSISTANCE","Silver","A","2024-10-01","Single/Mutiple Relation Location","Phone First","1","1","1","1","2","0","0","1"
"COLLECTIONS ASSISTANCE","Bronze","A","2024-10-01","Single/Mutiple Account Location","Phone First","3","3","3","3","7","1","0","3"
"INTERNAL COX ACCOUNT","Diamond","A","2024-10-01","Single/Mutiple Relation Location","Phone First","13","13","15","12","44","6","0","12"
"INTERNAL COX ACCOUNT","Bronze","A","2024-10-01","Single/Mutiple Relation Location","Phone First","185","185","204","172","532","64","0","172"
"INTERNAL COX ACCOUNT","Silver","A","2024-10-01","Single/Mutiple Relation Location","Phone First","1","1","1","1","2","0","0","1"
"INTERNAL COX ACCOUNT","Bronze","A","2024-10-01","Single/Mutiple Account Location","Phone First","185","185","204","172","532","64","0","172"
"INTERNAL COX ACCOUNT","Silver","A","2024-10-01","Single/Mutiple Account Location","Phone First","1","1","1","1","2","0","0","1"
"INTERNAL COX ACCOUNT","Bronze","A","2024-10-01","Single/Mutiple Relation Location","Digital First","52","52","69","3","322","66","3","0"
"INTERNAL COX ACCOUNT","Bronze","A","2024-10-01","Single/Mutiple Account Location","Digital First","52","52","69","3","322","66","3","0"
"INTERNAL COX ACCOUNT","Diamond","A","2024-10-01","Single/Mutiple Account Location","Phone First","13","13","15","12","44","6","0","12"
"MASTER ACCOUNT/DEVELOPMENT","Diamond","A","2024-10-01","Single/Mutiple Account Location","Phone First","1","1","1","1","2","0","0","1"
"MASTER ACCOUNT/DEVELOPMENT","Diamond","A","2024-10-01","Single/Mutiple Relation Location","Phone First","1","1","1","1","2","0","0","1"
"MASTER ACCOUNT/DEVELOPMENT","Silver","A","2024-10-01","Single/Mutiple Relation Location","Phone First","3","3","3","4","11","0","0","4"
"MASTER ACCOUNT/DEVELOPMENT","Silver","A","2024-10-01","Single/Mutiple Account Location","Phone First","3","3","3","4","11","0","0","4"
"NATIONAL COMMERCIAL","Diamond","A","2024-10-01","Single/Mutiple Relation Location","Digital First","1","1","1","0","1","1","0","0"
"NATIONAL COMMERCIAL","Bronze","A","2024-10-01","Single/Mutiple Account Location","Phone First","212","212","219","111","366","122","0","111"
"NATIONAL COMMERCIAL","Bronze","A","2024-10-01","Single/Mutiple Account Location","Digital First","13","13","14","2","751","12","2","0"
"NATIONAL COMMERCIAL","Bronze","A","2024-10-01","Single/Mutiple Relation Location","Digital First","13","13","14","2","751","12","2","0"
"NATIONAL COMMERCIAL","Silver","A","2024-10-01","Single/Mutiple Account Location","Phone First","31","31","31","26","61","9","0","26"
"NATIONAL COMMERCIAL","Diamond","A","2024-10-01","Single/Mutiple Account Location","Phone First","28","28","30","19","59","12","0","19"
"NATIONAL COMMERCIAL","Silver","A","2024-10-01","Single/Mutiple Relation Location","Phone First","31","31","31","26","61","9","0","26"
"NATIONAL COMMERCIAL","Bronze","A","2024-10-01","Single/Mutiple Relation Location","Phone First","212","212","219","111","366","122","0","111"
"NATIONAL COMMERCIAL","Diamond","A","2024-10-01","Single/Mutiple Account Location","Digital First","1","1","1","0","1","1","0","0"
"NATIONAL COMMERCIAL","Diamond","A","2024-10-01","Single/Mutiple Relation Location","Phone First","28","28","30","19","59","12","0","19"
"CARRIER","Bronze","A","2024-11-01","Single/Mutiple Account Location","Digital First","1","1","1","0","1","1","0","0"
"CARRIER","Bronze","A","2024-11-01","Single/Mutiple Relation Location","Digital First","1","1","1","0","1","1","0","0"
"CB BRONZE","Bronze","A","2024-11-01","Single/Mutiple Relation Location","Phone First","3652","3652","3829","2096","7078","2007","9","2087"
"CB BRONZE","Diamond","A","2024-11-01","Single/Mutiple Account Location","Phone First","1","1","1","0","1","1","0","0"
"CB BRONZE","Diamond","A","2024-11-01","Single/Mutiple Relation Location","Phone First","1","1","1","0","1","1","0","0"
"CB BRONZE","Bronze","A","2024-11-01","Single/Mutiple Account Location","Phone First","3652","3652","3829","2096","7078","2007","9","2087"
"CB BRONZE","Bronze","A","2024-11-01","Single/Mutiple Account Location","Digital First","200","200","212","126","524","104","97","29"
"CB BRONZE","Bronze","A","2024-11-01","Single/Mutiple Relation Location","Digital First","200","200","212","126","524","104","97","29"
"CB DIAMOND","Diamond","A","2024-11-01","Single/Mutiple Account Location","Phone First","91","91","95","70","200","40","0","70"
"CB DIAMOND","Diamond","A","2024-11-01","Single/Mutiple Relation Location","Phone First","91","91","95","70","200","40","0","70"
"CB PLATINUM","Diamond","A","2024-11-01","Single/Mutiple Relation Location","Phone First","1","1","1","0","1","1","0","0"
"CB PLATINUM","Diamond","A","2024-11-01","Single/Mutiple Account Location","Phone First","1","1","1","0","1","1","0","0"
"CB SILVER","Silver","A","2024-11-01","Single/Mutiple Relation Location","Phone First","148","148","153","114","324","58","0","114"
"CB SILVER","Silver","A","2024-11-01","Single/Mutiple Account Location","Digital First","12","12","13","4","26","9","4","0"
"CB SILVER","Silver","A","2024-11-01","Single/Mutiple Relation Location","Digital First","12","12","13","4","26","9","4","0"
"CB SILVER","Silver","A","2024-11-01","Single/Mutiple Account Location","Phone First","148","148","153","114","324","58","0","114"
"INTERNAL COX ACCOUNT","Bronze","A","2024-11-01","Single/Mutiple Account Location","Phone First","18","18","21","16","52","6","0","16"
"INTERNAL COX ACCOUNT","Bronze","A","2024-11-01","Single/Mutiple Account Location","Digital First","3","3","3","0","9","3","0","0"
"INTERNAL COX ACCOUNT","Bronze","A","2024-11-01","Single/Mutiple Relation Location","Phone First","18","18","21","16","52","6","0","16"
"INTERNAL COX ACCOUNT","Bronze","A","2024-11-01","Single/Mutiple Relation Location","Digital First","3","3","3","0","9","3","0","0"
"NATIONAL COMMERCIAL","Diamond","A","2024-11-01","Single/Mutiple Account Location","Phone First","4","4","4","3","7","1","0","3"
"NATIONAL COMMERCIAL","Diamond","A","2024-11-01","Single/Mutiple Relation Location","Phone First","4","4","4","3","7","1","0","3"
"NATIONAL COMMERCIAL","Bronze","A","2024-11-01","Single/Mutiple Relation Location","Phone First","8","8","8","8","18","2","0","8"
"NATIONAL COMMERCIAL","Bronze","A","2024-11-01","Single/Mutiple Account Location","Phone First","8","8","8","8","18","2","0","8"
