create_dt,metric_id,feature_name,metrics,display_names,operating_system_type,1st Quartile,3rd Quartile,IQR,Upper,Lower,Yesterday,last_7_days,last_30_days,% Change Last 7 Days,% Change Last 30 Days
31-01-2025,185,SMART HELP,DR_SmartHelp Result - Unknown,1st common reason (Unknown),Apple iOS,54.423,73.521,19.099,87.845,40.099,66.216,58.29,59.206,13.59836481,11.83963842
31-01-2025,10000059,SMART HELP,DR_SmartHelp Result - Unknown,1st common reason (Unknown),Both,54.716,70.603,15.886,82.518,42.801,64.151,56.409,58.838,13.72418421,9.030743414
31-01-2025,419,SMART HELP,DR_SmartHelp Result - Unknown,1st common reason (Unknown),Google Android,50,72.135,22.135,88.737,33.399,59.375,53.121,58.332,11.77372292,1.788389866
31-01-2025,186,SMART HELP,DR_SmartHelp Result - Disconnected,2nd common reason (Disconnected),Apple iOS,10.098,23.292,13.195,33.189,0.201,21.622,20.06,23.126,7.788175305,-6.501615819
31-01-2025,10000060,SMART HELP,DR_SmartHelp Result - Disconnected,2nd common reason (Disconnected),Both,12.419,24.12,11.701,32.896,3.643,23.585,22.08,23.356,6.816814291,0.978602612
31-01-2025,420,SMART HELP,DR_SmartHelp Result - Disconnected,2nd common reason (Disconnected),Google Android,10.07,25.436,15.365,36.96,-1.453,28.125,25.846,23.867,8.817010551,17.84267253
31-01-2025,187,SMART HELP,DR_SmartHelp Result - Incomplete Install,3rd common reason (Incomplete Install),Apple iOS,1.618,6.645,5.027,10.415,-2.152,6.757,9.258,6.236,-27.01672633,8.354135375
31-01-2025,10000061,SMART HELP,DR_SmartHelp Result - Incomplete Install,3rd common reason (Incomplete Install),Both,2.532,7.189,4.657,10.682,-0.961,6.604,10.671,7.382,-38.11429872,-10.53995719
31-01-2025,421,SMART HELP,DR_SmartHelp Result - Incomplete Install,3rd common reason (Incomplete Install),Google Android,2.174,9.661,7.487,15.276,-3.441,6.25,13.843,9.852,-54.85129306,-36.56046042
31-01-2025,12,BIL LING,DR_Billing - Activity & Statements,Activity & Statements,Apple iOS,7.082,7.873,0.791,8.466,6.488,7.765,7.671,7.384,1.223509255,5.160754431
31-01-2025,10000012,BIL LING,DR_Billing - Activity & Statements,Activity & Statements,Both,7.175,7.917,0.742,8.474,6.619,7.843,7.69,7.425,1.995281179,5.625836109
31-01-2025,248,BIL LING,DR_Billing - Activity & Statements,Activity & Statements,Google Android,7.198,8.031,0.833,8.656,6.573,8.109,7.752,7.562,4.599480347,7.233063418
31-01-2025,9,BIL LING,DR_CoxApp | Billing - Additional time to pay (Link out),Additional time to pay - Linkout,Apple iOS,67.43,69.819,2.389,71.61,65.638,69.421,69.563,68.956,-0.204746336,0.674537724
31-01-2025,1000009,BIL LING,DR_CoxApp | Billing - Additional time to pay (Link out),Additional time to pay - Linkout,Both,65.5,67.9,2.401,69.701,63.699,67.764,67.253,66.997,0.759175316,1.144374475
31-01-2025,245,BIL LING,DR_CoxApp | Billing - Additional time to pay (Link out),Additional time to pay - Linkout,Google Android,61.18,63.98,2.8,66.08,59.08,64.245,62.637,63.069,2.566938831,1.865109
31-01-2025,17,BIL LING,DR_Billing - Edit Billing Address,Address Changes,Apple iOS,0.159,0.206,0.047,0.242,0.124,0.189,0.168,0.18,12.40441801,5.13628778
31-01-2025,10000017,BIL LING,DR_Billing - Edit Billing Address,Address Changes,Both,0.162,0.206,0.044,0.239,0.129,0.18,0.173,0.181,4.046242775,-0.753537953
31-01-2025,253,BIL LING,DR_Billing - Edit Billing Address,Address Changes,Google Android,0.163,0.204,0.041,0.235,0.132,0.149,0.19,0.187,-21.5199398,-20.40598291
31-01-2025,15,BIL LING,DR_Billing - Agreements & Discounts,Agreement & Discounts,Apple iOS,2.731,3.122,0.391,3.416,2.438,3.039,2.932,2.822,3.664538765,7.689581857
31-01-2025,10000015,BIL LING,DR_Billing - Agreements & Discounts,Agreement & Discounts,Both,2.778,3.191,0.413,3.501,2.468,3.055,2.975,2.873,2.703870906,6.332374234
31-01-2025,251,BIL LING,DR_Billing - Agreements & Discounts,Agreement & Discounts,Google Android,2.913,3.283,0.37,3.561,2.635,3.109,3.119,3.043,-0.31148367,2.181224597
31-01-2025,118,OVER ALL,Average Time Spent on Page,Average Time Spent (mins),Apple iOS,3.4,3.6,0.2,3.85,3.15,3.7,3.814,3.617,-2.996254682,2.304147465
31-01-2025,10000030,OVER ALL,Average Time Spent on Page,Average Time Spent (mins),Both,7.5,8.075,0.575,8.794,6.781,8.2,8.529,8.043,-3.852596315,1.947782843
31-01-2025,354,OVER ALL,Average Time Spent on Page,Average Time Spent (mins),Google Android,4.1,4.4,0.3,4.775,3.725,4.5,4.714,4.427,-4.545454545,1.656626506
31-01-2025,16,BIL LING,DR_Billing - Bill Delivery,Bill Delivery Options,Apple iOS,1.071,1.205,0.134,1.305,0.971,1.103,1.129,1.149,-2.265822785,-4.036888812
31-01-2025,10000016,BIL LING,DR_Billing - Bill Delivery,Bill Delivery Options,Both,1.086,1.223,0.137,1.326,0.983,1.104,1.144,1.171,-3.508552878,-5.700130972
31-01-2025,252,BIL LING,DR_Billing - Bill Delivery,Bill Delivery Options,Google Android,1.116,1.297,0.181,1.433,0.98,1.109,1.197,1.242,-7.351712615,-10.67736999
31-01-2025,11,BIL LING,DR_Billing - View Bill Details,Bill Downloads,Apple iOS,8.489,9.632,1.143,10.49,7.631,9.805,9.114,8.917,7.585115054,9.963027899
31-01-2025,10000011,BIL LING,DR_Billing - View Bill Details,Bill Downloads,Both,7.516,8.511,0.995,9.257,6.77,8.828,8.092,7.899,9.091551036,11.76428388
31-01-2025,247,BIL LING,DR_Billing - View Bill Details,Bill Downloads,Google Android,4.278,4.896,0.619,5.361,3.814,5.477,4.713,4.529,16.19991514,20.92376305
31-01-2025,1,BIL LING,DR_Visits to Billing Home,Billing Section Visits,Apple iOS,53851.25,68230.25,14379,86204,35877.5,59662,57673.571,59310.467,3.447729215,0.592700333
31-01-2025,1000001,BIL LING,DR_Visits to Billing Home,Billing Section Visits,Both,70027.25,88986,18958.75,112684.438,46328.812,77062,75147.286,77268.7,2.547948695,-0.26750806
31-01-2025,237,BIL LING,DR_Visits to Billing Home,Billing Section Visits,Google Android,16142.25,20595.25,4453,26161.5,10576,17400,17473.714,17958.233,-0.421858138,-3.108509189
31-01-2025,19,BIL LING,DR_Billing visits to chat,Billing_Interacted with chat,Apple iOS,3.087,3.591,0.505,3.97,2.708,3.451,3.345,3.256,3.168908819,5.992198778
31-01-2025,10000019,BIL LING,DR_Billing visits to chat,Billing_Interacted with chat,Both,3.068,3.573,0.505,3.952,2.689,3.4,3.34,3.247,1.783346876,4.709892005
31-01-2025,255,BIL LING,DR_Billing visits to chat,Billing_Interacted with chat,Google Android,3.036,3.576,0.54,3.981,2.631,3.224,3.326,3.218,-3.054254908,0.18022497
31-01-2025,195,SMART HELP,DR_SmartHelp - Billing & Account Support,Clicked Billing & Account Support,Apple iOS,16.842,18.939,2.098,20.512,15.269,19.132,17.74,17.552,7.848411152,8.999960119
31-01-2025,10000069,SMART HELP,DR_SmartHelp - Billing & Account Support,Clicked Billing & Account Support,Both,16.732,18.462,1.73,19.76,15.435,18.025,17.379,17.363,3.717129869,3.814299592
31-01-2025,429,SMART HELP,DR_SmartHelp - Billing & Account Support,Clicked Billing & Account Support,Google Android,15.981,17.903,1.922,19.345,14.539,15.857,16.691,16.987,-4.997517931,-6.650680335
31-01-2025,198,SMART HELP,DR_SmartHelp - Homelife Support,Clicked Homelife Support,Apple iOS,0.254,0.396,0.142,0.503,0.148,0.372,0.328,0.354,13.31592689,5.055069189
31-01-2025,10000072,SMART HELP,DR_SmartHelp - Homelife Support,Clicked Homelife Support,Both,0.268,0.41,0.142,0.516,0.162,0.328,0.354,0.363,-7.419354839,-9.70820334
31-01-2025,432,SMART HELP,DR_SmartHelp - Homelife Support,Clicked Homelife Support,Google Android,0.252,0.44,0.188,0.581,0.112,0.243,0.407,0.38,-40.23190443,-36.1086766
31-01-2025,196,SMART HELP,DR_SmartHelp - Internet Support,Clicked Internet Support,Apple iOS,17.069,18.419,1.35,19.432,16.056,18.512,17.957,17.961,3.089896579,3.06756664
31-01-2025,10000070,SMART HELP,DR_SmartHelp - Internet Support,Clicked Internet Support,Both,16.413,17.422,1.01,18.18,15.655,17.183,17.426,17.312,-1.392042893,-0.744001201
31-01-2025,430,SMART HELP,DR_SmartHelp - Internet Support,Clicked Internet Support,Google Android,14.666,16.35,1.684,17.613,13.403,14.581,16.415,15.999,-11.17425396,-8.865142579
31-01-2025,197,SMART HELP,DR_SmartHelp - TV Support,Clicked TV Support,Apple iOS,1.149,1.491,0.342,1.747,0.893,1.333,1.478,1.406,-9.827986084,-5.165054069
31-01-2025,10000071,SMART HELP,DR_SmartHelp - TV Support,Clicked TV Support,Both,1.091,1.422,0.331,1.67,0.843,1.15,1.421,1.36,-19.09547739,-15.4391039
31-01-2025,431,SMART HELP,DR_SmartHelp - TV Support,Clicked TV Support,Google Android,0.885,1.372,0.487,1.737,0.52,0.79,1.308,1.268,-39.60904226,-37.68077833
31-01-2025,3,BIL LING,DR_Client Errors on Make Payment,Client Errors on Payment Page,Apple iOS,0,0,0,0,0,0,0.002,0.001,-100,-100
31-01-2025,1000003,BIL LING,DR_Client Errors on Make Payment,Client Errors on Payment Page,Both,0,0,0,0,0,0,0.002,0.001,-100,-100
31-01-2025,239,BIL LING,DR_Client Errors on Make Payment,Client Errors on Payment Page,Google Android,0,0,0,0,0,0,,,0,0
31-01-2025,193,SMART HELP,DR_Smarthelp P&P - Connect with a support agent,Connect with Agent,Apple iOS,4.045,5.031,0.986,5.77,3.306,5.207,4.986,4.855,4.441388005,7.245103222
31-01-2025,10000067,SMART HELP,DR_Smarthelp P&P - Connect with a support agent,Connect with Agent,Both,3.879,4.795,0.916,5.482,3.192,4.77,4.855,4.633,-1.75944451,2.957788026
31-01-2025,427,SMART HELP,DR_Smarthelp P&P - Connect with a support agent,Connect with Agent,Google Android,3.252,4.379,1.126,5.223,2.408,3.866,4.585,4.131,-15.6789431,-6.424727496
31-01-2025,147,RESET MODEM,DR_Reset Modem Error -DMCA,DMCA Error,Apple iOS,0,0,0,0,0,0,,,0,0
31-01-2025,10000047,RESET MODEM,DR_Reset Modem Error -DMCA,DMCA Error,Both,0.152,0.231,0.08,0.291,0.092,0.341,0.217,0.211,56.83311432,61.25472888
31-01-2025,383,RESET MODEM,DR_Reset Modem Error -DMCA,DMCA Error,Google Android,0.578,0.896,0.318,1.135,0.34,1.291,0.82,0.813,57.38418669,58.82714784
31-01-2025,182,SMART HELP,DR_SmartHelp - Landing Page,Devices Page Visits,Apple iOS,3158.25,3441.5,283.25,3795.562,2804.188,3225,3363.286,3333.333,-4.111625536,-3.25
31-01-2025,10000056,SMART HELP,DR_SmartHelp - Landing Page,Devices Page Visits,Both,4676.5,5158.25,481.75,5760.438,4074.312,4871,5098.714,4976.2,-4.466111905,-2.11406294
31-01-2025,416,SMART HELP,DR_SmartHelp - Landing Page,Devices Page Visits,Google Android,1491.25,1702.25,211,1966,1227.5,1646,1735.429,1642.867,-5.153111623,0.190723532
31-01-2025,188,SMART HELP,DR_SmartHelp - Reboot Flow Started,Did a Device Reboot,Apple iOS,0.663,1.239,0.576,1.671,0.231,0.651,0.96,0.935,-32.17740735,-30.40162503
31-01-2025,10000062,SMART HELP,DR_SmartHelp - Reboot Flow Started,Did a Device Reboot,Both,0.671,1.232,0.561,1.652,0.25,0.616,0.99,0.944,-37.80470215,-34.71579468
31-01-2025,422,SMART HELP,DR_SmartHelp - Reboot Flow Started,Did a Device Reboot,Google Android,0.634,1.279,0.645,1.763,0.15,0.547,1.053,0.958,-48.03908264,-42.93166406
31-01-2025,13,BIL LING,DR_Billing - Automatic Payments,Easy Pay Enrollments,Apple iOS,3.24,3.588,0.348,3.848,2.98,3.486,3.394,3.378,2.723637129,3.189012117
31-01-2025,10000013,BIL LING,DR_Billing - Automatic Payments,Easy Pay Enrollments,Both,3.212,3.554,0.342,3.81,2.956,3.373,3.374,3.331,-0.04233521,1.258856022
31-01-2025,249,BIL LING,DR_Billing - Automatic Payments,Easy Pay Enrollments,Google Android,2.985,3.419,0.434,3.745,2.66,2.983,3.317,3.176,-10.0770854,-6.086682758
31-01-2025,145,RESET MODEM,DR_Reset Modem - Error Outage,Error Outage,Apple iOS,0,0,0,0,0,0,,,0,0
31-01-2025,10000045,RESET MODEM,DR_Reset Modem - Error Outage,Error Outage,Both,1.162,1.755,0.594,2.201,0.716,1.428,1.713,1.584,-16.62357161,-9.850381936
31-01-2025,381,RESET MODEM,DR_Reset Modem - Error Outage,Error Outage,Google Android,4.588,6.996,2.407,8.801,2.783,5.399,6.461,6.07,-16.44077915,-11.05192345
31-01-2025,10,BIL LING,DR_CoxApp | Billing - Future date payment (Link out),Future date payment - Linkout,Apple iOS,8.457,9.685,1.228,10.606,7.536,9.617,8.962,8.913,7.310347026,7.904628331
31-01-2025,10000010,BIL LING,DR_CoxApp | Billing - Future date payment (Link out),Future date payment - Linkout,Both,8.309,9.506,1.197,10.404,7.411,9.44,8.939,8.824,5.601278466,6.97894041
31-01-2025,246,BIL LING,DR_CoxApp | Billing - Future date payment (Link out),Future date payment - Linkout,Google Android,7.788,9.254,1.467,10.354,6.687,9.065,8.913,8.652,1.705374173,4.778306903
31-01-2025,96,LOG IN,DR_Login Page Visits,Login Page Visits,Apple iOS,107521,126676,19155,150619.75,83577.25,114145,115054.429,115948.033,-0.790433348,-1.555035719
31-01-2025,10000020,LOG IN,DR_Login Page Visits,Login Page Visits,Both,141110.5,167086.25,25975.75,199555.938,108640.812,149621,150968.429,152532.733,-0.892523413,-1.908923593
31-01-2025,332,LOG IN,DR_Login Page Visits,Login Page Visits,Google Android,33942.5,39998.75,6056.25,47569.062,26372.188,35476,35914,36584.7,-1.219580108,-3.030501822
31-01-2025,97,LOG IN,DR_Successful logins,Login Success Rate,Apple iOS,85.057,86.352,1.295,87.323,84.086,86.328,86.113,85.674,0.249505634,0.763241166
31-01-2025,10000021,LOG IN,DR_Successful logins,Login Success Rate,Both,84.691,86.026,1.335,87.027,83.69,86.031,85.938,85.32,0.107718317,0.833018181
31-01-2025,333,LOG IN,DR_Successful logins,Login Success Rate,Google Android,83.494,84.907,1.413,85.967,82.435,85.074,85.376,84.2,-0.353729385,1.038524743
31-01-2025,2,BIL LING,DR_Billing Make a Payment,Make Payments,Apple iOS,35.274,40.05,4.776,43.631,31.692,36.827,38.059,38.476,-3.238168879,-4.285456858
31-01-2025,1000002,BIL LING,DR_Billing Make a Payment,Make Payments,Both,35.226,40.201,4.975,43.933,31.495,36.827,38.097,38.607,-3.333233338,-4.611221722
31-01-2025,238,BIL LING,DR_Billing Make a Payment,Make Payments,Google Android,35.26,41.375,6.115,45.962,30.673,36.828,38.208,39.029,-3.6128902,-5.640605183
31-01-2025,18,BIL LING,DR_Billing - Move My Service,Move Service,Apple iOS,0.788,0.941,0.153,1.056,0.673,0.922,0.827,0.843,11.52583377,9.332384679
31-01-2025,10000018,BIL LING,DR_Billing - Move My Service,Move Service,Both,0.737,0.888,0.151,1.001,0.624,0.889,0.784,0.793,13.41352287,12.10592686
31-01-2025,254,BIL LING,DR_Billing - Move My Service,Move Service,Google Android,0.569,0.715,0.146,0.825,0.459,0.776,0.642,0.626,20.92609083,23.8956892
31-01-2025,119,OVER ALL,DR_New Visitors,New Visitors,Apple iOS,3.108,3.42,0.312,3.654,2.874,3.985,3.792,3.407,5.101541012,16.95019712
31-01-2025,10000031,OVER ALL,DR_New Visitors,New Visitors,Both,3.513,3.819,0.306,4.048,3.284,4.303,4.153,3.769,3.618975541,14.15912769
31-01-2025,355,OVER ALL,DR_New Visitors,New Visitors,Google Android,4.734,5.128,0.395,5.424,4.437,5.326,5.304,4.912,0.409372475,8.422452636
31-01-2025,146,RESET MODEM,DR_Reset Modem Error - Non Pay,Non Pay Error,Apple iOS,0,0,0,0,0,0,,,0,0
31-01-2025,10000046,RESET MODEM,DR_Reset Modem Error - Non Pay,Non Pay Error,Both,0.041,0.079,0.038,0.107,0.013,0.062,0.066,0.054,-5.856832972,15.17027864
31-01-2025,382,RESET MODEM,DR_Reset Modem Error - Non Pay,Non Pay Error,Google Android,0.147,0.309,0.162,0.43,0.026,0.235,0.247,0.207,-4.968226459,13.76472487
31-01-2025,127,OVER ALL,DR_CoxApp | Visits not logged in,Not Logged-in Visits,Apple iOS,13.509,14.792,1.282,15.753,12.547,13.549,13.763,14.179,-1.553871704,-4.440719486
31-01-2025,10000039,OVER ALL,DR_CoxApp | Visits not logged in,Not Logged-in Visits,Both,13.89,15.21,1.32,16.2,12.9,13.891,13.988,14.584,-0.695479891,-4.752653569
31-01-2025,363,OVER ALL,DR_CoxApp | Visits not logged in,Not Logged-in Visits,Google Android,15.128,16.578,1.449,17.665,14.042,14.988,14.711,15.865,1.882944735,-5.527097612
31-01-2025,117,OVER ALL,Page Views,Page Views,Apple iOS,1417112.25,1629945.5,212833.25,1895987.062,1151070.688,1532116,1528094.571,1503311.067,0.26316621,1.916099334
31-01-2025,10000029,OVER ALL,Page Views,Page Views,Both,2116142.25,2447410.25,331268,2861495.25,1702057.25,2286689,2298728,2263178.567,-0.523724425,1.038823612
31-01-2025,353,OVER ALL,Page Views,Page Views,Google Android,700522.25,809236.5,108714.25,945129.312,564629.438,754573,770633.429,759867.5,-2.084055528,-0.696766213
31-01-2025,101,LOG IN,Clicks on Forgot Password,Password Reset,Apple iOS,1.054,1.143,0.089,1.209,0.988,1.144,1.117,1.107,2.390998594,3.326810176
31-01-2025,10000025,LOG IN,Clicks on Forgot Password,Password Reset,Both,1.244,1.319,0.075,1.375,1.187,1.314,1.299,1.296,1.132490379,1.396712709
31-01-2025,337,LOG IN,Clicks on Forgot Password,Password Reset,Google Android,1.798,1.941,0.143,2.048,1.691,1.86,1.881,1.894,-1.123936817,-1.774397972
31-01-2025,14,BIL LING,DR_Billing - Manage Payment Methods,Payment Method Changes,Apple iOS,3.706,4.066,0.361,4.336,3.435,3.972,3.867,3.805,2.703900709,4.386218496
31-01-2025,10000014,BIL LING,DR_Billing - Manage Payment Methods,Payment Method Changes,Both,3.696,4.017,0.321,4.258,3.455,3.95,3.848,3.794,2.650727651,4.099865593
31-01-2025,250,BIL LING,DR_Billing - Manage Payment Methods,Payment Method Changes,Google Android,3.598,3.982,0.384,4.27,3.31,3.874,3.783,3.759,2.393898203,3.064807917
31-01-2025,5,BIL LING,DR_Payment Submit,Payment Submit,Apple iOS,32.997,37.828,4.83,41.45,29.375,34.265,36.02,36.446,-4.87267045,-5.984367769
31-01-2025,1000005,BIL LING,DR_Payment Submit,Payment Submit,Both,32.339,37.444,5.105,41.272,28.51,33.805,35.425,35.955,-4.573041637,-5.980394156
31-01-2025,241,BIL LING,DR_Payment Submit,Payment Submit,Google Android,30.402,36.467,6.064,41.015,25.854,32.23,33.452,34.323,-3.652995337,-6.096857464
31-01-2025,6,BIL LING,DR_Payments,Payment Success Rate,Apple iOS,97.4,97.964,0.565,98.388,96.976,97.383,97.669,97.687,-0.292971607,-0.311436124
31-01-2025,1000006,BIL LING,DR_Payments,Payment Success Rate,Both,97.624,98.162,0.538,98.565,97.22,97.635,97.879,97.891,-0.249578563,-0.261651208
31-01-2025,242,BIL LING,DR_Payments,Payment Success Rate,Google Android,98.395,98.85,0.455,99.191,98.054,98.556,98.633,98.61,-0.078067178,-0.054693611
31-01-2025,7,BIL LING,DR_Promise to Pay,Promise to Pay - Linkout,Apple iOS,0,0,0,0,0,0,,,0,0
31-01-2025,1000007,BIL LING,DR_Promise to Pay,Promise to Pay - Linkout,Both,0,0,0,0,0,0,,,0,0
31-01-2025,243,BIL LING,DR_Promise to Pay,Promise to Pay - Linkout,Google Android,0,0,0,0,0,0,,,0,0
31-01-2025,8,BIL LING,DR_Promise to Pay (Native),Promise to Pay - Native,Apple iOS,4.446,5.131,0.685,5.644,3.932,4.95,4.778,4.759,3.602930184,4.021462745
31-01-2025,1000008,BIL LING,DR_Promise to Pay (Native),Promise to Pay - Native,Both,5.119,5.933,0.814,6.543,4.509,5.636,5.493,5.472,2.60064496,2.987665601
31-01-2025,244,BIL LING,DR_Promise to Pay (Native),Promise to Pay - Native,Google Android,7.317,8.527,1.21,9.434,6.41,7.989,7.865,7.839,1.580295352,1.91827657
31-01-2025,102,LOG IN,DR_Need to Register,Registration,Apple iOS,0.731,0.861,0.13,0.959,0.633,0.871,0.804,0.79,8.391111111,10.31367417
31-01-2025,10000026,LOG IN,DR_Need to Register,Registration,Both,1.054,1.197,0.142,1.303,0.948,1.167,1.143,1.12,2.086978255,4.159228847
31-01-2025,338,LOG IN,DR_Need to Register,Registration,Google Android,2.03,2.285,0.255,2.476,1.839,2.12,2.229,2.169,-4.902274912,-2.251594559
31-01-2025,140,RESET MODEM,DR_Reset Modem - Home Page,Reset Modem Start Page Visits,Apple iOS,4866.5,5387.25,520.75,6038.188,4215.562,4739,5007.143,5106.433,-5.355206847,-7.195498489
31-01-2025,10000040,RESET MODEM,DR_Reset Modem - Home Page,Reset Modem Start Page Visits,Both,6552.75,7198.5,645.75,8005.688,5745.562,6443,6809.714,6902.6,-5.385164051,-6.658360618
31-01-2025,376,RESET MODEM,DR_Reset Modem - Home Page,Reset Modem Start Page Visits,Google Android,1691.75,1830,138.25,2002.812,1518.938,1704,1802.571,1796.167,-5.468378507,-5.131298135
31-01-2025,142,RESET MODEM,DR_Reset Modem - Rebooting Complete,Reset Process Complete,Apple iOS,30.857,32.534,1.677,33.792,29.599,28.513,30.428,31.784,-6.292225566,-10.29181196
31-01-2025,10000042,RESET MODEM,DR_Reset Modem - Rebooting Complete,Reset Process Complete,Both,30.472,31.968,1.496,33.09,29.349,28.436,29.825,31.204,-4.658080153,-8.870365563
31-01-2025,378,RESET MODEM,DR_Reset Modem - Rebooting Complete,Reset Process Complete,Google Android,28.755,30.718,1.963,32.19,27.283,28.22,28.18,29.565,0.141436979,-4.549298157
31-01-2025,143,RESET MODEM,DR_Reset Modem - Rebooting Incomplete,Reset Process Incomplete,Apple iOS,44.426,46.622,2.196,48.269,42.779,47.402,47.793,46.028,-0.817814975,2.98409535
31-01-2025,10000043,RESET MODEM,DR_Reset Modem - Rebooting Incomplete,Reset Process Incomplete,Both,41.927,43.972,2.044,45.505,40.394,45.075,45.669,43.483,-1.300045983,3.661677721
31-01-2025,379,RESET MODEM,DR_Reset Modem - Rebooting Incomplete,Reset Process Incomplete,Google Android,34.008,36.634,2.626,38.603,32.039,38.573,39.747,36.201,-2.952635627,6.551225967
31-01-2025,148,RESET TV BOX,DR_Reset Tvbox - Home Page,Reset TV Box Start Page Visits,Apple iOS,641,758.75,117.75,905.938,493.812,625,737.571,726.867,-15.26244432,-14.01449142
31-01-2025,10000048,RESET TV BOX,DR_Reset Tvbox - Home Page,Reset TV Box Start Page Visits,Both,871.25,1009.5,138.25,1182.312,698.438,841,1006.429,990.6,-16.4371895,-15.10195841
31-01-2025,384,RESET TV BOX,DR_Reset Tvbox - Home Page,Reset TV Box Start Page Visits,Google Android,233,269.75,36.75,315.688,187.062,216,268.857,263.733,-19.65993624,-18.09908999
31-01-2025,144,RESET MODEM,DR_Reset Modem - Agent Chat,Reset_Modem Interacted with Chat,Apple iOS,13.97,15.276,1.306,16.255,12.99,15.612,15.564,14.845,0.308404009,5.170265081
31-01-2025,10000044,RESET MODEM,DR_Reset Modem - Agent Chat,Reset_Modem Interacted with Chat,Both,13.704,14.869,1.165,15.742,12.831,15.374,15.714,14.68,-2.166343942,4.729660688
31-01-2025,380,RESET MODEM,DR_Reset Modem - Agent Chat,Reset_Modem Interacted with Chat,Google Android,12.823,14.066,1.243,14.999,11.891,14.71,16.121,14.205,-8.754984493,3.555329239
31-01-2025,155,RESET TV BOX,DR_Reset Tvbox Error - DMCA,Reset_TV DMCA Error,Apple iOS,0,0,0,0,0,0,,,0,0
31-01-2025,10000055,RESET TV BOX,DR_Reset Tvbox Error - DMCA,Reset_TV DMCA Error,Both,0,0.119,0.119,0.208,-0.089,0.119,0.018,0.056,561.1111111,111.3676732
31-01-2025,391,RESET TV BOX,DR_Reset Tvbox Error - DMCA,Reset_TV DMCA Error,Google Android,0,0.459,0.459,0.803,-0.344,0.463,0.075,0.212,516.1596958,118.3962264
31-01-2025,153,RESET TV BOX,DR_Reset Tvbox - Error Outage,Reset_TV Error Outage,Apple iOS,0,0,0,0,0,0,,,0,0
31-01-2025,10000053,RESET TV BOX,DR_Reset Tvbox - Error Outage,Reset_TV Error Outage,Both,1.242,2.233,0.99,2.975,0.5,1.546,1.77,1.705,-12.64831706,-9.332603511
31-01-2025,389,RESET TV BOX,DR_Reset Tvbox - Error Outage,Reset_TV Error Outage,Google Android,4.913,8.626,3.713,11.41,2.128,6.019,6.662,6.414,-9.657568025,-6.154501798
31-01-2025,152,RESET TV BOX,DR_Reset Tvbox - Agent Chat,Reset_TV Interacted with Chat,Apple iOS,16.084,18.654,2.569,20.581,14.157,18.596,18.001,17.454,3.303732273,6.542709326
31-01-2025,10000052,RESET TV BOX,DR_Reset Tvbox - Agent Chat,Reset_TV Interacted with Chat,Both,15.793,17.885,2.092,19.454,14.224,17.386,17.576,16.837,-1.079411526,3.262924694
31-01-2025,388,RESET TV BOX,DR_Reset Tvbox - Agent Chat,Reset_TV Interacted with Chat,Google Android,13.386,17.443,4.057,20.486,10.343,13.846,16.29,15.099,-15.00157856,-8.297145683
31-01-2025,154,RESET TV BOX,DR_Reset Tvbox Error - Non Pay,Reset_TV Non Pay Error,Apple iOS,0,0,0,0,0,0,,,0,0
31-01-2025,10000054,RESET TV BOX,DR_Reset Tvbox Error - Non Pay,Reset_TV Non Pay Error,Both,0,0.107,0.107,0.187,-0.08,0,0.111,0.067,-100,-100
31-01-2025,390,RESET TV BOX,DR_Reset Tvbox Error - Non Pay,Reset_TV Non Pay Error,Google Android,0,0.411,0.411,0.719,-0.308,0,0.401,0.246,-100,-100
31-01-2025,150,RESET TV BOX,DR_Reset Tvbox - Complete,Reset_TV Process Complete,Apple iOS,32.329,36.219,3.889,39.136,29.413,38.07,34.303,34.492,10.9815468,10.37277993
31-01-2025,10000050,RESET TV BOX,DR_Reset Tvbox - Complete,Reset_TV Process Complete,Both,31.788,34.736,2.948,36.947,29.578,36.471,33.917,33.571,7.529241306,8.637221601
31-01-2025,386,RESET TV BOX,DR_Reset Tvbox - Complete,Reset_TV Process Complete,Google Android,29.464,32.919,3.455,35.51,26.873,31.795,32.788,31.034,-3.027279501,2.450718718
31-01-2025,151,RESET TV BOX,DR_Reset Tvbox - Incomplete,Reset_TV Process Incomplete,Apple iOS,38.772,42.217,3.444,44.8,36.189,45.439,42.3,40.547,7.42189215,12.06620865
31-01-2025,10000051,RESET TV BOX,DR_Reset Tvbox - Incomplete,Reset_TV Process Incomplete,Both,34.69,38.019,3.328,40.515,32.194,39.085,37.693,36.454,3.692207403,7.216530667
31-01-2025,387,RESET TV BOX,DR_Reset Tvbox - Incomplete,Reset_TV Process Incomplete,Google Android,22.004,26.951,4.947,30.661,18.294,20.513,25.003,25.185,-17.95690754,-18.55094024
31-01-2025,149,RESET TV BOX,DR_Reset Tvbox - Rebooting,Reset_TV Started Reset Process,Apple iOS,91.43,93.286,1.856,94.678,90.038,91.2,91.443,91.726,-0.26527188,-0.573808321
31-01-2025,10000049,RESET TV BOX,DR_Reset Tvbox - Rebooting,Reset_TV Started Reset Process,Both,91.758,93.372,1.615,94.583,90.547,90.963,91.582,91.814,-0.676051944,-0.926370332
31-01-2025,385,RESET TV BOX,DR_Reset Tvbox - Rebooting,Reset_TV Started Reset Process,Google Android,91.736,94.367,2.631,96.34,89.763,90.278,91.921,92.021,-1.787557036,-1.894132861
31-01-2025,184,SMART HELP,DR_SmartHelp - Result,Saw a Result,Apple iOS,93.128,97.314,4.186,100.454,89.989,92.5,94.626,94.462,-2.24718253,-2.077060237
31-01-2025,10000058,SMART HELP,DR_SmartHelp - Result,Saw a Result,Both,86.288,92.56,6.272,97.264,81.584,86.179,86.479,87.393,-0.346575788,-1.388976827
31-01-2025,418,SMART HELP,DR_SmartHelp - Result,Saw a Result,Google Android,70.906,85.124,14.218,95.788,60.243,74.419,73.681,74.756,1.00161507,-0.450711159
31-01-2025,192,SMART HELP,DR_Smarthelp P&P - Let's schedule a technician visit,Schedule Tech,Apple iOS,21.182,22.79,1.609,23.997,19.976,23.66,22.966,22.596,3.020576746,4.709261415
31-01-2025,10000066,SMART HELP,DR_Smarthelp P&P - Let's schedule a technician visit,Schedule Tech,Both,19.78,21.201,1.421,22.267,18.714,21.601,21.448,21,0.712011616,2.863210961
31-01-2025,426,SMART HELP,DR_Smarthelp P&P - Let's schedule a technician visit,Schedule Tech,Google Android,15.856,17.953,2.097,19.525,14.283,17.346,18.299,17.46,-5.205714732,-0.655576216
31-01-2025,120,OVER ALL,DR_Server Errors,Server Errors,Apple iOS,1.493,1.807,0.314,2.043,1.257,1.64,1.711,1.906,-4.133611691,-13.93937274
31-01-2025,10000032,OVER ALL,DR_Server Errors,Server Errors,Both,4.687,5.302,0.614,5.762,4.227,4.837,5.274,5.552,-8.288415179,-12.88347241
31-01-2025,356,OVER ALL,DR_Server Errors,Server Errors,Google Android,14.813,16.572,1.759,17.891,13.494,15.1,16.659,17.082,-9.356750221,-11.6032018
31-01-2025,4,BIL LING,DR_Server Errors on Make Payment,Server Errors on Payment Page,Apple iOS,0.001,0.012,0.011,0.02,-0.008,0.018,0.007,0.006,157.1428571,200
31-01-2025,1000004,BIL LING,DR_Server Errors on Make Payment,Server Errors on Payment Page,Both,0.31,0.36,0.049,0.397,0.273,0.296,0.316,0.325,-6.244343891,-9.007070397
31-01-2025,240,BIL LING,DR_Server Errors on Make Payment,Server Errors on Payment Page,Google Android,1.324,1.495,0.171,1.623,1.195,1.248,1.331,1.366,-6.256036055,-8.656192056
31-01-2025,98,LOG IN,DR_Auto Logins,Share of Auto Login (Remember/Biometrics),Apple iOS,83.78,84.533,0.753,85.098,83.216,83.916,84.295,83.915,-0.449274061,0.000953343
31-01-2025,10000022,LOG IN,DR_Auto Logins,Share of Auto Login (Remember/Biometrics),Both,76.015,76.678,0.663,77.176,75.518,76.384,76.472,76.178,-0.114515011,0.270375406
31-01-2025,334,LOG IN,DR_Auto Logins,Share of Auto Login (Remember/Biometrics),Google Android,50.797,51.611,0.814,52.221,50.187,51.791,51.207,51.227,1.141315568,1.101310836
31-01-2025,191,SMART HELP,DR_Smarthelp P&P - Reset Complete,Smarthelp Reset Complete,Apple iOS,18.517,20.928,2.411,22.736,16.709,18.504,17.527,19.783,5.576838433,-6.466880426
31-01-2025,10000065,SMART HELP,DR_Smarthelp P&P - Reset Complete,Smarthelp Reset Complete,Both,16.779,18.967,2.188,20.608,15.138,15.945,15.472,17.579,3.054280887,-9.297589612
31-01-2025,425,SMART HELP,DR_Smarthelp P&P - Reset Complete,Smarthelp Reset Complete,Google Android,12.417,14.575,2.158,16.194,10.799,10.658,11.202,12.712,-4.85991558,-16.1612586
31-01-2025,199,SMART HELP,DR_SmartHelp - Agent Chat,Smarthelp_Interacted with Chat,Apple iOS,1.136,1.555,0.42,1.87,0.821,1.116,1.283,1.239,-13.0260521,-9.939475454
31-01-2025,10000073,SMART HELP,DR_SmartHelp - Agent Chat,Smarthelp_Interacted with Chat,Both,1.13,1.489,0.359,1.758,0.861,1.047,1.416,1.23,-26.05932203,-14.90572172
31-01-2025,433,SMART HELP,DR_SmartHelp - Agent Chat,Smarthelp_Interacted with Chat,Google Android,0.984,1.414,0.43,1.737,0.661,0.911,1.671,1.21,-45.48640793,-24.69829724
31-01-2025,194,SMART HELP,DR_Smarthelp P&P - Interacted with Chat Agent,Smarthelp_P&P Interacted with Chat,Apple iOS,13.686,15.266,1.58,16.451,12.501,17.745,15.376,14.751,15.40820024,20.29964747
31-01-2025,10000068,SMART HELP,DR_Smarthelp P&P - Interacted with Chat Agent,Smarthelp_P&P Interacted with Chat,Both,13.815,15.233,1.418,16.297,12.751,17.206,15.596,15.098,10.32113873,13.96362384
31-01-2025,428,SMART HELP,DR_Smarthelp P&P - Interacted with Chat Agent,Smarthelp_P&P Interacted with Chat,Google Android,13.387,15.799,2.412,17.608,11.578,16.092,16.086,15.866,0.038187938,1.427199785
31-01-2025,190,SMART HELP,DR_Smarthelp P&P - Let's troubleshoot together,Started P&P troubleshooting,Apple iOS,53.177,55.748,2.571,57.677,51.249,58.797,57.563,55.245,2.143991661,6.430311741
31-01-2025,10000064,SMART HELP,DR_Smarthelp P&P - Let's troubleshoot together,Started P&P troubleshooting,Both,52.982,55.555,2.573,57.485,51.053,58.569,57.88,55.442,1.190643673,5.639620314
31-01-2025,424,SMART HELP,DR_Smarthelp P&P - Let's troubleshoot together,Started P&P troubleshooting,Google Android,52.032,56.274,4.242,59.455,48.85,58.098,58.555,55.869,-0.780220745,3.989566081
31-01-2025,189,SMART HELP,DR_SmartHelp - P&P,Started Proactive and Preventive (P&P),Apple iOS,59.581,61.735,2.154,63.351,57.965,61.333,62.051,61.203,-1.156657573,0.212735365
31-01-2025,10000063,SMART HELP,DR_SmartHelp - P&P,Started Proactive and Preventive (P&P),Both,58.026,60.204,2.178,61.837,56.392,60.255,60.61,59.58,-0.585008968,1.132251546
31-01-2025,423,SMART HELP,DR_SmartHelp - P&P,Started Proactive and Preventive (P&P),Google Android,54.519,57.454,2.934,59.654,52.318,58.141,57.85,56.29,0.503769629,3.287777823
31-01-2025,141,RESET MODEM,DR_Reset Modem - Started Rebooting Process,Started Reset Process,Apple iOS,91.086,93.581,2.495,95.453,89.214,93.395,93.364,92.787,0.033356438,0.654866449
31-01-2025,10000041,RESET MODEM,DR_Reset Modem - Started Rebooting Process,Started Reset Process,Both,91.214,93.586,2.372,95.366,89.435,93.28,93.354,92.738,-0.078962349,0.584369885
31-01-2025,377,RESET MODEM,DR_Reset Modem - Started Rebooting Process,Started Reset Process,Google Android,91.448,93.358,1.911,94.792,90.015,92.958,93.319,92.596,-0.387302598,0.391307009
31-01-2025,183,SMART HELP,DR_SmartHelp - Started,Started Troubleshooting (Solution Center),Apple iOS,2.477,3.052,0.575,3.484,2.046,2.481,2.883,2.705,-13.93527925,-8.278700646
31-01-2025,10000057,SMART HELP,DR_SmartHelp - Started,Started Troubleshooting (Solution Center),Both,2.515,3.071,0.556,3.489,2.097,2.525,3.102,2.807,-18.61214717,-10.05699359
31-01-2025,417,SMART HELP,DR_SmartHelp - Started,Started Troubleshooting (Solution Center),Google Android,2.568,3.342,0.774,3.922,1.987,2.612,3.525,3.013,-25.89770609,-13.29844322
31-01-2025,100,LOG IN,DR_Clicks on Forgot User ID,User ID Recovery,Apple iOS,0.675,0.732,0.057,0.775,0.632,0.704,0.737,0.723,-4.422032583,-2.690748249
31-01-2025,10000024,LOG IN,DR_Clicks on Forgot User ID,User ID Recovery,Both,0.888,0.94,0.052,0.979,0.849,0.908,0.93,0.928,-2.350591489,-2.151657746
31-01-2025,336,LOG IN,DR_Clicks on Forgot User ID,User ID Recovery,Google Android,1.503,1.609,0.106,1.688,1.424,1.562,1.549,1.576,0.857854441,-0.902996595
31-01-2025,116,OVER ALL,Unique Visitors,Visitors,Apple iOS,92226.5,108263.75,16037.25,128310.312,72179.938,99610,100176.143,100015.8,-0.56514739,-0.405735894
31-01-2025,10000028,OVER ALL,Unique Visitors,Visitors,Both,123002.25,144296.25,21294,170913.75,96384.75,131829,132805.857,132876.3,-0.735552756,-0.788176673
31-01-2025,352,OVER ALL,Unique Visitors,Visitors,Google Android,30750.25,35814.75,5064.5,42145.375,24419.625,32219,32629.714,32860.5,-1.258712479,-1.952191841
31-01-2025,115,OVER ALL,DR_Visits,Visits,Apple iOS,107921.5,127163.25,19241.75,151215.438,83869.312,114579,115515.143,116398.533,-0.810407046,-1.563192663
31-01-2025,10000027,OVER ALL,DR_Visits,Visits,Both,141759.5,167826.75,26067.25,200410.812,109175.438,150275,151649.571,153223.833,-0.906412999,-1.924526537
31-01-2025,351,OVER ALL,DR_Visits,Visits,Google Android,34170.75,40268.25,6097.5,47890.125,26548.875,35696,36134.429,36825.3,-1.213326428,-3.066641684
31-01-2025,123,OVER ALL,DR_Agent Chat,Visits to Agent Chat (Skip bot),Apple iOS,1.525,1.718,0.193,1.863,1.38,1.753,1.776,1.671,-1.302983994,4.928172386
31-01-2025,10000035,OVER ALL,DR_Agent Chat,Visits to Agent Chat (Skip bot),Both,1.432,1.628,0.196,1.775,1.284,1.666,1.713,1.597,-2.7599433,4.301007951
31-01-2025,359,OVER ALL,DR_Agent Chat,Visits to Agent Chat (Skip bot),Google Android,1.162,1.388,0.226,1.558,0.993,1.387,1.513,1.366,-8.345133579,1.557160988
31-01-2025,121,OVER ALL,DR_Overall Chat,Visits to Chat,Apple iOS,4.228,4.73,0.502,5.107,3.851,4.746,4.643,4.437,2.227829405,6.976219993
31-01-2025,10000033,OVER ALL,DR_Overall Chat,Visits to Chat,Both,4.182,4.64,0.457,4.983,3.839,4.686,4.621,4.407,1.400352407,6.33405443
31-01-2025,357,OVER ALL,DR_Overall Chat,Visits to Chat,Google Android,4.02,4.472,0.452,4.811,3.681,4.494,4.552,4.313,-1.271066755,4.207084721
31-01-2025,122,OVER ALL,DR_Message Us,Visits to Chat (Bot),Apple iOS,2.902,3.215,0.314,3.45,2.666,3.193,3.082,2.968,3.60155743,7.598989048
31-01-2025,10000034,OVER ALL,DR_Message Us,Visits to Chat (Bot),Both,2.932,3.232,0.3,3.457,2.707,3.235,3.142,3.023,2.959898154,7.015261115
31-01-2025,358,OVER ALL,DR_Message Us,Visits to Chat (Bot),Google Android,3.044,3.367,0.323,3.609,2.802,3.37,3.333,3.198,1.123113855,5.388247803
31-01-2025,124,OVER ALL,DR_Self Service Initiated,Visits to Self Service Features,Apple iOS,52.829,55.084,2.255,56.776,51.137,54.3,54.332,53.936,-0.059422706,0.674251741
31-01-2025,10000036,OVER ALL,DR_Self Service Initiated,Visits to Self Service Features,Both,52.805,55.17,2.364,56.943,51.032,54.199,54.455,53.904,-0.46985183,0.546771808
31-01-2025,360,OVER ALL,DR_Self Service Initiated,Visits to Self Service Features,Google Android,52.534,54.951,2.417,56.764,50.721,53.874,54.842,53.802,-1.764814675,0.133699945
31-01-2025,125,OVER ALL,DR_CoxApp | Visits with Chat and No Self Service Initiated,Visits with Chat but No Self Service,Apple iOS,1.089,1.227,0.137,1.329,0.986,1.245,1.146,1.109,8.665835411,12.24305806
31-01-2025,10000037,OVER ALL,DR_CoxApp | Visits with Chat and No Self Service Initiated,Visits with Chat but No Self Service,Both,1.077,1.203,0.126,1.297,0.983,1.221,1.127,1.098,8.354462475,11.15157032
31-01-2025,361,OVER ALL,DR_CoxApp | Visits with Chat and No Self Service Initiated,Visits with Chat but No Self Service,Google Android,1.011,1.145,0.134,1.246,0.91,1.146,1.067,1.065,7.432703897,7.652805611
31-01-2025,126,OVER ALL,DR_CoxApp | Visits with No Self Service and No Chat,Visits with Neither Self Service nor Chat,Apple iOS,30.62,32.018,1.398,33.067,29.572,31.757,31.5,31.498,0.816330233,0.821634252
31-01-2025,10000038,OVER ALL,DR_CoxApp | Visits with No Self Service and No Chat,Visits with Neither Self Service nor Chat,Both,30.605,31.965,1.36,32.985,29.585,31.818,31.474,31.429,1.09204793,1.238462003
31-01-2025,362,OVER ALL,DR_CoxApp | Visits with No Self Service and No Chat,Visits with Neither Self Service nor Chat,Google Android,30.481,31.905,1.424,32.973,29.413,32.015,31.395,31.212,1.975300777,2.574262078
31-01-2025,99,LOG IN,DR_Clicks to MFA Verification,with TSV,Apple iOS,14.925,15.661,0.736,16.213,14.373,16.293,16.208,15.809,0.526204453,3.063937637
31-01-2025,10000023,LOG IN,DR_Clicks to MFA Verification,with TSV,Both,12.865,13.46,0.595,13.907,12.418,13.965,13.961,13.598,0.025580681,2.697415834
31-01-2025,335,LOG IN,DR_Clicks to MFA Verification,with TSV,Google Android,6.353,6.666,0.312,6.9,6.119,6.472,6.771,6.591,-4.419924471,-1.806982143
