metric_id,metrics,display_names,operating_system_type,feature_name,unique_identifier,level_1,level_2,level_3,level_4,level_5,hierarchy_id,parent_id_old,metric_sequence_num,level_no,feature_id,parent_id,metric_nature,create_dt
1,DR_Visits to Billing Home,Billing Section Visits,Apple iOS,BIL LING,BL,Billing Section Visits,,,,,Apple iOS_BL_1,,1,1,1,,Positive,2025-01-27
2,DR_Billing Make a Payment,Make Payments,Apple iOS,BIL LING,BL,,Make Payments,,,,Apple iOS_BL_1.1,Apple iOS_BL_1,2,2,1,1.0,Positive,2025-01-27
3,DR_Payment Submit,Payment Submit,Apple iOS,BIL LING,BL,,Payment Submit,,,,Apple iOS_BL_1.2,Apple iOS_BL_1,3,2,1,1.0,Positive,2025-01-27
4,DR_Payments,Payment Success Rate,Apple iOS,BIL LING,BL,,,Payment Success Rate,,,Apple iOS_BL_1.2.1,Apple iOS_BL_1.2,4,3,1,3.0,Positive,2025-01-27
5,DR_Client Errors on Make Payment,Client Errors on Payment Page,Apple iOS,BIL LING,BL,,,Client Errors on Payment Page,,,Apple iOS_BL_1.2.2,Apple iOS_BL_1.2,5,3,1,3.0,Negative,2025-01-27
6,DR_Server Errors on Make Payment,Server Errors on Payment Page,Apple iOS,BIL LING,BL,,,Server Errors on Payment Page,,,Apple iOS_BL_1.2.3,Apple iOS_BL_1.2,6,3,1,3.0,Negative,2025-01-27
7,DR_Promise to Pay,Promise to Pay - Linkout,Apple iOS,BIL LING,BL,,Promise to Pay - Linkout,,,,Apple iOS_BL_1.3,Apple iOS_BL_1,7,2,1,1.0,Positive,2025-01-27
8,DR_Promise to Pay (Native),Promise to Pay - Native,Apple iOS,BIL LING,BL,,Promise to Pay - Native,,,,Apple iOS_BL_1.4,Apple iOS_BL_1,8,2,1,1.0,Positive,2025-01-27
9,DR_CoxApp | Billing - Additional time to pay (Link out),Additional time to pay - Linkout,Apple iOS,BIL LING,BL,,,Additional time to pay - Linkout,,,Apple iOS_BL_1.4.1,Apple iOS_BL_1.4,9,3,1,8.0,Positive,2025-01-27
10,DR_CoxApp | Billing - Future date payment (Link out),Future date payment - Linkout,Apple iOS,BIL LING,BL,,,Future date payment - Linkout,,,Apple iOS_BL_1.4.2,Apple iOS_BL_1.4,10,3,1,8.0,Positive,2025-01-27
11,DR_Billing - View Bill Details,Bill Downloads,Apple iOS,BIL LING,BL,,Bill Downloads,,,,Apple iOS_BL_1.5,Apple iOS_BL_1,11,2,1,1.0,Positive,2025-01-27
12,DR_Billing - Activity & Statements,Activity & Statements,Apple iOS,BIL LING,BL,,Activity & Statements,,,,Apple iOS_BL_1.6,Apple iOS_BL_1,12,2,1,1.0,Positive,2025-01-27
13,DR_Billing - Automatic Payments,Easy Pay Enrollments,Apple iOS,BIL LING,BL,,Easy Pay Enrollments,,,,Apple iOS_BL_1.7,Apple iOS_BL_1,13,2,1,1.0,Positive,2025-01-27
14,DR_Billing - Manage Payment Methods,Payment Method Changes,Apple iOS,BIL LING,BL,,Payment Method Changes,,,,Apple iOS_BL_1.8,Apple iOS_BL_1,14,2,1,1.0,Positive,2025-01-27
15,DR_Billing - Agreements & Discounts,Agreement & Discounts,Apple iOS,BIL LING,BL,,Agreement & Discounts,,,,Apple iOS_BL_1.9,Apple iOS_BL_1,15,2,1,1.0,Positive,2025-01-27
16,DR_Billing - Bill Delivery,Bill Delivery Options,Apple iOS,BIL LING,BL,,Bill Delivery Options,,,,Apple iOS_BL_1.10,Apple iOS_BL_1,16,2,1,1.0,Positive,2025-01-27
17,DR_Billing - Edit Billing Address,Address Changes,Apple iOS,BIL LING,BL,,Address Changes,,,,Apple iOS_BL_1.11,Apple iOS_BL_1,17,2,1,1.0,Positive,2025-01-27
18,DR_Billing - Move My Service,Move Service,Apple iOS,BIL LING,BL,,Move Service,,,,Apple iOS_BL_1.12,Apple iOS_BL_1,18,2,1,1.0,Positive,2025-01-27
19,DR_Billing visits to chat,Billing_Interacted with chat,Apple iOS,BIL LING,BL,,Billing_Interacted with chat,,,,Apple iOS_BL_1.13,Apple iOS_BL_1,19,2,1,1.0,Negative,2025-01-27
20,DR_Wireless Service,Visits from 'Cox Mobile' users,Apple iOS,COX MOBILE,CM,Visits from 'Cox Mobile' users,,,,,Apple iOS_CM_1,,20,1,2,,Positive,2025-01-27
21,DR_Mymobile HomePage Visits,Coxmob Line Detail Page,Apple iOS,COX MOBILE,CM,,Coxmob Line Detail Page,,,,Apple iOS_CM_1.1,Apple iOS_CM_1,21,2,2,20.0,Positive,2025-01-27
22,DR_Mobile Lock Enabled,,Apple iOS,COX MOBILE,CM,,,,,,,,22,1,2,,,2025-01-27
23,DR_Mobile Lock Disabled,,Apple iOS,COX MOBILE,CM,,,,,,,,23,1,2,,,2025-01-27
24,DR_Change Status Exit link,Coxmob Change Status External Link,Apple iOS,COX MOBILE,CM,,,Coxmob Change Status External Link,,,Apple iOS_CM_1.1.1,Apple iOS_CM_1.1,24,3,2,21.0,Positive,2025-01-27
25,DR_Add a Line,Coxmob Add a Line,Apple iOS,COX MOBILE,CM,,,Coxmob Add a Line,,,Apple iOS_CM_1.1.2,Apple iOS_CM_1.1,25,3,2,21.0,Positive,2025-01-27
26,DR_Change your Plan,Coxmob Change  Plan - linkout,Apple iOS,COX MOBILE,CM,,,Coxmob Change  Plan - linkout,,,Apple iOS_CM_1.1.3,Apple iOS_CM_1.1,26,3,2,21.0,,2025-01-27
27,DR_Change Plan - New,Coxmob Change Plan - Native,Apple iOS,COX MOBILE,CM,,,Coxmob Change Plan - Native,,,Apple iOS_CM_1.1.4,Apple iOS_CM_1.1,27,3,2,21.0,Positive,2025-01-27
28,DR_Change plan - Account Restrictions,Coxmob Account Restrictions,Apple iOS,COX MOBILE,CM,,,,Coxmob Account Restrictions,,Apple iOS_CM_1.1.4.1,Apple iOS_CM_1.1.4,28,4,2,27.0,Negative,2025-01-27
29,DR_Change plan Confirmation,Coxmob Plan Purchased,Apple iOS,COX MOBILE,CM,,,,Coxmob Plan Purchased,,Apple iOS_CM_1.1.4.2,Apple iOS_CM_1.1.4,29,4,2,27.0,Positive,2025-01-27
30,DR_Change Plan - Pay as Gig,Coxmob Gig Plan,Apple iOS,COX MOBILE,CM,,,,,Coxmob Gig Plan,Apple iOS_CM_1.1.4.2.1,Apple iOS_CM_1.1.4.2,30,5,2,29.0,Positive,2025-01-27
31,DR_Change Plan - Unlimited,Coxmob Unlimited Plan,Apple iOS,COX MOBILE,CM,,,,,Coxmob Unlimited Plan,Apple iOS_CM_1.1.4.2.2,Apple iOS_CM_1.1.4.2,31,5,2,29.0,Positive,2025-01-27
32,DR_Welcome Guide,Coxmob Welcome Guide,Apple iOS,COX MOBILE,CM,,,Coxmob Welcome Guide,,,Apple iOS_CM_1.1.5,Apple iOS_CM_1.1,32,3,2,21.0,Positive,2025-01-27
33,DR_Device Payment Plan,Coxmob Device Payment Plan,Apple iOS,COX MOBILE,CM,,,Coxmob Device Payment Plan,,,Apple iOS_CM_1.1.6,Apple iOS_CM_1.1,33,3,2,21.0,Positive,2025-01-27
34,DR_Insurance Claim,File a Claim,Apple iOS,COX MOBILE,CM,,,File a Claim,,,Apple iOS_CM_1.1.7,Apple iOS_CM_1.1,34,3,2,21.0,Negative,2025-01-27
35,DR_Opted for Pay as you Gig Plan,Coxmob Pay as you Gig,Apple iOS,COX MOBILE,CM,,Coxmob Pay as you Gig,,,,Apple iOS_CM_1.2,Apple iOS_CM_1,35,2,2,20.0,Positive,2025-01-27
36,DR_Opted for Gig Unlimited Plan,Coxmob Gig Unlimited Plan,Apple iOS,COX MOBILE,CM,,Coxmob Gig Unlimited Plan,,,,Apple iOS_CM_1.3,Apple iOS_CM_1,36,2,2,20.0,Positive,2025-01-27
37,DR_Mobile Billing Home,Coxmob Billing Home,Apple iOS,COX MOBILE,CM,,Coxmob Billing Home,,,,Apple iOS_CM_1.4,Apple iOS_CM_1,37,2,2,20.0,Positive,2025-01-27
38,DR_Mobile Billing - Additional Payment,Coxmob Make Additional Payment,Apple iOS,COX MOBILE,CM,,Coxmob Make Additional Payment,,,,Apple iOS_CM_1.5,Apple iOS_CM_1,38,2,2,20.0,Positive,2025-01-27
39,DR_Mobile Billing - Payment Method,Coxmob Payment Method Changes,Apple iOS,COX MOBILE,CM,,Coxmob Payment Method Changes,,,,Apple iOS_CM_1.6,Apple iOS_CM_1,39,2,2,20.0,Positive,2025-01-27
40,DR_Mobile Billing - Activity & Statements,Coxmob Activity & Statements,Apple iOS,COX MOBILE,CM,,Coxmob Activity & Statements,,,,Apple iOS_CM_1.7,Apple iOS_CM_1,40,2,2,20.0,Positive,2025-01-27
41,DR_Mobile Billing - Easypay Confirmation,Coxmob Easypay Enrollment,Apple iOS,COX MOBILE,CM,,Coxmob Easypay Enrollment,,,,Apple iOS_CM_1.8,Apple iOS_CM_1,41,2,2,20.0,Positive,2025-01-27
42,DR_Mobile Billing - Bill Delivery Confirmation,Coxmob Bill Delivery Changes,Apple iOS,COX MOBILE,CM,,Coxmob Bill Delivery Changes,,,,Apple iOS_CM_1.9,Apple iOS_CM_1,42,2,2,20.0,Positive,2025-01-27
43,DR_Wireless Support,Coxmob Support Section,Apple iOS,COX MOBILE,CM,,Coxmob Support Section,,,,Apple iOS_CM_1.10,Apple iOS_CM_1,43,2,2,20.0,Positive,2025-01-27
44,DR_Total Data Usage Visits,Total Data Usage Visits,Apple iOS,DATA USAGE,DU,Total Data Usage Visits,,,,,Apple iOS_DU_1,,44,1,3,,Positive,2025-01-27
45,DR_Data Plan upgrade,Data Plan Upgrade,Apple iOS,DATA USAGE,DU,,Data Plan Upgrade,,,,Apple iOS_DU_1.1,Apple iOS_DU_1,45,2,3,44.0,Positive,2025-01-27
46,DR_Data Usage Learn More,Learn More,Apple iOS,DATA USAGE,DU,,Learn More,,,,Apple iOS_DU_1.2,Apple iOS_DU_1,46,2,3,44.0,Positive,2025-01-27
47,DR_Data Usage Courtesy Credits,Courtesy Credit,Apple iOS,DATA USAGE,DU,,Courtesy Credit,,,,Apple iOS_DU_1.3,Apple iOS_DU_1,47,2,3,44.0,Positive,2025-01-27
48,DR_Total Data Usage >=75%,Data usage >=75%,Apple iOS,DATA USAGE,DU,,Data usage >=75%,,,,Apple iOS_DU_1.4,Apple iOS_DU_1,48,2,3,44.0,Positive,2025-01-27
49,DR_Total Data Usage >=100%,Data usage >=100%,Apple iOS,DATA USAGE,DU,,Data usage >=100%,,,,Apple iOS_DU_1.5,Apple iOS_DU_1,49,2,3,44.0,Positive,2025-01-27
50,DR_Data Usage - Agent Chat Started,Data_usage Interacted with Chat,Apple iOS,DATA USAGE,DU,,Data_usage Interacted with Chat,,,,Apple iOS_DU_1.6,Apple iOS_DU_1,50,2,3,44.0,Negative,2025-01-27
51,DR_Direct Ecomm Visits Traffic from to Cox.com,Total Visits from web ecomm,Apple iOS,E COMMERCE,EC,,,,,,,,51,1,4,,Positive,2025-01-27
52,DR_Direct Ecomm order Traffic sent from cox.com,Total Orders from web ecomm,Apple iOS,E COMMERCE,EC,,,,,,,,52,1,4,,Positive,2025-01-27
53,DR_Direct Ecomm Traffic sent from App to cox.com,Visits sent from app to cox.com,Apple iOS,E COMMERCE,EC,Visits sent from app to cox.com,,,,,Apple iOS_EC_1,,53,1,4,,Positive,2025-01-27
54,DR_Direct Ecomm order Traffic sent from App to cox.com,Orders generated,Apple iOS,E COMMERCE,EC,,,,,,,,54,1,4,,Positive,2025-01-27
55,DR_Data Plan Upgrade Ecomm Traffic sent from App to cox.com,Data Usage,Apple iOS,E COMMERCE,EC,,Data Usage,,,,Apple iOS_EC_1.1,Apple iOS_EC_1,55,2,4,53.0,Positive,2025-01-27
56,DR_Service Plan Upgrade Ecomm Traffic sent from App to cox.com,Plan Changes,Apple iOS,E COMMERCE,EC,,Plan Changes,,,,Apple iOS_EC_1.2,Apple iOS_EC_1,56,2,4,53.0,Positive,2025-01-27
57,DR_CRO Ecomm Traffic sent from App to cox.com,CRO,Apple iOS,E COMMERCE,EC,,CRO,,,,Apple iOS_EC_1.3,Apple iOS_EC_1,57,2,4,53.0,Positive,2025-01-27
58,DR_Transfer Ecomm Traffic sent from App to cox.com,Transfer,Apple iOS,E COMMERCE,EC,,Transfer,,,,Apple iOS_EC_1.4,Apple iOS_EC_1,58,2,4,53.0,Positive,2025-01-27
59,DR_Visits where One EC Card was shown,Easy Connect Eligible Visits,Apple iOS,EASY CON NECT,ECN,Easy Connect Eligible Visits,,,,,Apple iOS_ECN_1,,59,1,5,,Positive,2025-01-27
60,DR_EC Flow>Success,Overall Success,Apple iOS,EASY CON NECT,ECN,,Overall Success,,,,Apple iOS_ECN_1.1,Apple iOS_ECN_1,60,2,5,59.0,Positive,2025-01-27
61,DR_EC>Failure,Overall Failure,Apple iOS,EASY CON NECT,ECN,,Overall Failure,,,,Apple iOS_ECN_1.2,Apple iOS_ECN_1,61,2,5,59.0,Negative,2025-01-27
62,DR_EC Flow>Timeout,Overall Timeout,Apple iOS,EASY CON NECT,ECN,,Overall Timeout,,,,Apple iOS_ECN_1.3,Apple iOS_ECN_1,62,2,5,59.0,Negative,2025-01-27
63,DR_EC>No Result,Overall No Result,Apple iOS,EASY CON NECT,ECN,,Overall No Result,,,,Apple iOS_ECN_1.4,Apple iOS_ECN_1,63,2,5,59.0,Negative,2025-01-27
64,DR_Easy Connect - Started,Started the Flow,Apple iOS,EASY CON NECT,ECN,,Started the Flow,,,,Apple iOS_ECN_1.5,Apple iOS_ECN_1,64,2,5,59.0,Positive,2025-01-27
65,DR_Easy Connect Started - Success,Success,Apple iOS,EASY CON NECT,ECN,,,Success,,,Apple iOS_ECN_1.5.1,Apple iOS_ECN_1.5,65,3,5,64.0,Positive,2025-01-27
66,DR_Easy Connect Started - Failure,Failure,Apple iOS,EASY CON NECT,ECN,,,Failure,,,Apple iOS_ECN_1.5.2,Apple iOS_ECN_1.5,66,3,5,64.0,Negative,2025-01-27
67,DR_Easy Connect Started - Timeout,Timeout,Apple iOS,EASY CON NECT,ECN,,,Timeout,,,Apple iOS_ECN_1.5.3,Apple iOS_ECN_1.5,67,3,5,64.0,Negative,2025-01-27
68,DR_Easy Connect Started - No Result,No Result,Apple iOS,EASY CON NECT,ECN,,,No Result,,,Apple iOS_ECN_1.5.4,Apple iOS_ECN_1.5,68,3,5,64.0,Negative,2025-01-27
69,DR_Easy Connect - Started Agent Chat,Easyconnect_Interacted with Chat,Apple iOS,EASY CON NECT,ECN,,,Easyconnect_Interacted with Chat,,,Apple iOS_ECN_1.5.5,Apple iOS_ECN_1.5,69,3,5,64.0,Negative,2025-01-27
70,DR_Visits who did not Start EC Flow,Did Not Start the Flow,Apple iOS,EASY CON NECT,ECN,,Did Not Start the Flow,,,,Apple iOS_ECN_1.6,Apple iOS_ECN_1,70,2,5,59.0,Negative,2025-01-27
71,DR_Visits who did not Start EC Flow - Success,Did_not Success,Apple iOS,EASY CON NECT,ECN,,,Did_not Success,,,Apple iOS_ECN_1.6.1,Apple iOS_ECN_1.6,71,3,5,70.0,Positive,2025-01-27
72,DR_Visits who did not Start EC Flow - Failure,Did_not Failure,Apple iOS,EASY CON NECT,ECN,,,Did_not Failure,,,Apple iOS_ECN_1.6.2,Apple iOS_ECN_1.6,72,3,5,70.0,Negative,2025-01-27
73,DR_Visits who did not Start EC Flow - No Result,Did_not No Result,Apple iOS,EASY CON NECT,ECN,,,Did_not No Result,,,Apple iOS_ECN_1.6.3,Apple iOS_ECN_1.6,73,3,5,70.0,Negative,2025-01-27
74,DR_Easy Connect - Self install success,,Apple iOS,EASY CON NECT,ECN,,,,,,,,74,1,5,,,2025-01-27
75,DR_Easy Connect - Self install Timeout,,Apple iOS,EASY CON NECT,ECN,,,,,,,,75,1,5,,,2025-01-27
76,cancel,,Apple iOS,KEY WORDS,KW,,,,,,,,76,1,6,,,2025-01-27
77,cancel service,,Apple iOS,KEY WORDS,KW,,,,,,,,77,1,6,,,2025-01-27
78,outage,,Apple iOS,KEY WORDS,KW,,,,,,,,78,1,6,,,2025-01-27
79,bill,,Apple iOS,KEY WORDS,KW,,,,,,,,79,1,6,,,2025-01-27
80,pay bill,,Apple iOS,KEY WORDS,KW,,,,,,,,80,1,6,,,2025-01-27
81,modem,,Apple iOS,KEY WORDS,KW,,,,,,,,81,1,6,,,2025-01-27
82,billing,,Apple iOS,KEY WORDS,KW,,,,,,,,82,1,6,,,2025-01-27
83,Setup,,Apple iOS,KEY WORDS,KW,,,,,,,,83,1,6,,,2025-01-27
84,new modem,,Apple iOS,KEY WORDS,KW,,,,,,,,84,1,6,,,2025-01-27
85,set up,,Apple iOS,KEY WORDS,KW,,,,,,,,85,1,6,,,2025-01-27
86,speed test,,Apple iOS,KEY WORDS,KW,,,,,,,,86,1,6,,,2025-01-27
87,phone number,,Apple iOS,KEY WORDS,KW,,,,,,,,87,1,6,,,2025-01-27
88,contact,,Apple iOS,KEY WORDS,KW,,,,,,,,88,1,6,,,2025-01-27
89,call,,Apple iOS,KEY WORDS,KW,,,,,,,,89,1,6,,,2025-01-27
90,outages,,Apple iOS,KEY WORDS,KW,,,,,,,,90,1,6,,,2025-01-27
91,outage map,,Apple iOS,KEY WORDS,KW,,,,,,,,91,1,6,,,2025-01-27
92,password,,Apple iOS,KEY WORDS,KW,,,,,,,,92,1,6,,,2025-01-27
93,disconnect,,Apple iOS,KEY WORDS,KW,,,,,,,,93,1,6,,,2025-01-27
94,customer service,,Apple iOS,KEY WORDS,KW,,,,,,,,94,1,6,,,2025-01-27
95,install,,Apple iOS,KEY WORDS,KW,,,,,,,,95,1,6,,,2025-01-27
96,DR_Login Page Visits,Login Page Visits,Apple iOS,LOG IN,LI,Login Page Visits,,,,,Apple iOS_LI_1,,96,1,7,,Positive,2025-01-27
97,DR_Successful logins,Login Success Rate,Apple iOS,LOG IN,LI,,Login Success Rate,,,,Apple iOS_LI_1.1,Apple iOS_LI_1,97,2,7,96.0,Positive,2025-01-27
98,DR_Auto Logins,Share of Auto Login (Remember/Biometrics),Apple iOS,LOG IN,LI,,,Share of Auto Login (Remember/Biometrics),,,Apple iOS_LI_1.1.1,Apple iOS_LI_1.1,98,3,7,97.0,Positive,2025-01-27
99,DR_Clicks to MFA Verification,with TSV,Apple iOS,LOG IN,LI,,with TSV,,,,Apple iOS_LI_1.2,Apple iOS_LI_1,99,2,7,96.0,Positive,2025-01-27
100,DR_Clicks on Forgot User ID,User ID Recovery,Apple iOS,LOG IN,LI,,User ID Recovery,,,,Apple iOS_LI_1.3,Apple iOS_LI_1,100,2,7,96.0,Negative,2025-01-27
101,Clicks on Forgot Password,Password Reset,Apple iOS,LOG IN,LI,,Password Reset,,,,Apple iOS_LI_1.4,Apple iOS_LI_1,101,2,7,96.0,Negative,2025-01-27
102,DR_Need to Register,Registration,Apple iOS,LOG IN,LI,,Registration,,,,Apple iOS_LI_1.5,Apple iOS_LI_1,102,2,7,96.0,Positive,2025-01-27
103,DR_Notification status Exists,Notifi_center Visits with Bell icon,Apple iOS,NOTIFICATION CENTER,NC,Notifi_center Visits with Bell icon,,,,,Apple iOS_NC_1,,103,1,8,,Positive,2025-01-27
104,DR_Notification received visits,Notifi_center Visits with new notifications,Apple iOS,NOTIFICATION CENTER,NC,,Notifi_center Visits with new notifications,,,,Apple iOS_NC_1.1,Apple iOS_NC_1,104,2,8,103.0,Positive,2025-01-27
105,DR_Notification page Visits,Notifi_center Clicked bell with new notifications,Apple iOS,NOTIFICATION CENTER,NC,,,Notifi_center Clicked bell with new notifications,,,Apple iOS_NC_1.1.1,Apple iOS_NC_1.1,105,3,8,104.0,Positive,2025-01-27
106,DR_Notification Viewed with new notifications,Notifi_center Viewed,Apple iOS,NOTIFICATION CENTER,NC,,,,Notifi_center Viewed,,Apple iOS_NC_1.1.1.1,Apple iOS_NC_1.1.1,106,4,8,105.0,Positive,2025-01-27
107,DR_Notification Declined with new notifications,Notifi_center Declined,Apple iOS,NOTIFICATION CENTER,NC,,,,Notifi_center Declined,,Apple iOS_NC_1.1.1.2,Apple iOS_NC_1.1.1,107,4,8,105.0,Negative,2025-01-27
108,DR_Notification accepted with new notifications,Notifi_center Accepted,Apple iOS,NOTIFICATION CENTER,NC,,,,Notifi_center Accepted,,Apple iOS_NC_1.1.1.3,Apple iOS_NC_1.1.1,108,4,8,105.0,Positive,2025-01-27
109,DR_No action on new notifications,Notifi_center No Action,Apple iOS,NOTIFICATION CENTER,NC,,,,Notifi_center No Action,,Apple iOS_NC_1.1.1.4,Apple iOS_NC_1.1.1,109,4,8,105.0,Negative,2025-01-27
110,DR_Notifications not received visits,Notifi_center Visits with no new notifications,Apple iOS,NOTIFICATION CENTER,NC,,Notifi_center Visits with no new notifications,,,,Apple iOS_NC_1.2,Apple iOS_NC_1,110,2,8,103.0,Negative,2025-01-27
111,DR_Notification Viewed with no new notifications,with no new notifi Viewed,Apple iOS,NOTIFICATION CENTER,NC,,,,with no new notifi Viewed,,Apple iOS_NC_1.2.0.1,Apple iOS_NC_1.2.0,111,4,8,,Positive,2025-01-27
112,DR_Notification Declined with no new notification,with no new notifi Declined,Apple iOS,NOTIFICATION CENTER,NC,,,,with no new notifi Declined,,Apple iOS_NC_1.2.0.2,Apple iOS_NC_1.2.0,112,4,8,,Negative,2025-01-27
113,DR_Notification accepted with no new notifications,with no new notifi Accepted,Apple iOS,NOTIFICATION CENTER,NC,,,,with no new notifi Accepted,,Apple iOS_NC_1.2.0.3,Apple iOS_NC_1.2.0,113,4,8,,Positive,2025-01-27
114,DR_No action on no new notifications,with no new notifi No Action,Apple iOS,NOTIFICATION CENTER,NC,,,,with no new notifi No Action,,Apple iOS_NC_1.2.0.4,Apple iOS_NC_1.2.0,114,4,8,,Negative,2025-01-27
115,DR_Visits,Visits,Apple iOS,OVER ALL,OA,Visits,,,,,Apple iOS_OA_1,,115,1,9,,Positive,2025-01-27
116,Unique Visitors,Visitors,Apple iOS,OVER ALL,OA,,,,,,,,116,1,9,,Positive,2025-01-27
117,Page Views,Page Views,Apple iOS,OVER ALL,OA,,,,,,,,117,1,9,,Positive,2025-01-27
118,Average Time Spent on Page,Average Time Spent (mins),Apple iOS,OVER ALL,OA,,,,,,,,118,1,9,,Negative,2025-01-27
119,DR_New Visitors,New Visitors,Apple iOS,OVER ALL,OA,,New Visitors,,,,Apple iOS_OA_1.1,Apple iOS_OA_1,119,2,9,115.0,Positive,2025-01-27
120,DR_Server Errors,Server Errors,Apple iOS,OVER ALL,OA,,Server Errors,,,,Apple iOS_OA_1.2,Apple iOS_OA_1,120,2,9,115.0,Negative,2025-01-27
121,DR_Overall Chat,Visits to Chat,Apple iOS,OVER ALL,OA,,Visits to Chat,,,,Apple iOS_OA_1.3,Apple iOS_OA_1,121,2,9,115.0,Negative,2025-01-27
122,DR_continuing chat from new chat page,Continuing chat from new chat page,Apple iOS,OVER ALL,OA,,,,,,,,122,1,9,,,2025-01-27
123,DR_Message Us,Visits to Chat (Bot),Apple iOS,OVER ALL,OA,,Visits to Chat (Bot),,,,Apple iOS_OA_1.4,Apple iOS_OA_1,123,2,9,115.0,Negative,2025-01-27
124,DR_Agent Chat,Visits to Agent Chat (Skip bot),Apple iOS,OVER ALL,OA,,Visits to Agent Chat (Skip bot),,,,Apple iOS_OA_1.5,Apple iOS_OA_1,124,2,9,115.0,Negative,2025-01-27
125,DR_Self Service Initiated,Visits to Self Service Features,Apple iOS,OVER ALL,OA,,Visits to Self Service Features,,,,Apple iOS_OA_1.6,Apple iOS_OA_1,125,2,9,115.0,Positive,2025-01-27
126,DR_CoxApp | Visits with Chat and No Self Service Initiated,Visits with Chat but No Self Service,Apple iOS,OVER ALL,OA,,Visits with Chat but No Self Service,,,,Apple iOS_OA_1.7,Apple iOS_OA_1,126,2,9,115.0,Negative,2025-01-27
127,DR_CoxApp | Visits with No Self Service and No Chat,Visits with Neither Self Service nor Chat,Apple iOS,OVER ALL,OA,,Visits with Neither Self Service nor Chat,,,,Apple iOS_OA_1.8,Apple iOS_OA_1,127,2,9,115.0,Negative,2025-01-27
128,DR_CoxApp | Visits not logged in,Not Logged-in Visits,Apple iOS,OVER ALL,OA,,Not Logged-in Visits,,,,Apple iOS_OA_1.9,Apple iOS_OA_1,128,2,9,115.0,Negative,2025-01-27
129,DR_Native Registration Home Page,Visits to Registration Home Page,Apple iOS,RE GISTRATION (NATIVE),RG(,Visits to Registration Home Page,,,,,Apple iOS_RG(_1,,129,1,10,,Positive,2025-01-27
130,DR_Native Registration Confirmation,New Registrations,Apple iOS,RE GISTRATION (NATIVE),RG(,,New Registrations,,,,Apple iOS_RG(_1.1,Apple iOS_RG(_1,130,2,10,129.0,Positive,2025-01-27
131,DR_Native Registration - Already Registered,Already Registered,Apple iOS,RE GISTRATION (NATIVE),RG(,,Already Registered,,,,Apple iOS_RG(_1.2,Apple iOS_RG(_1,131,2,10,129.0,Positive,2025-01-27
132,DR_Native Registration - Did not Registered,Did not Register,Apple iOS,RE GISTRATION (NATIVE),RG(,,Did not Register,,,,Apple iOS_RG(_1.3,Apple iOS_RG(_1,132,2,10,129.0,Negative,2025-01-27
133,DR_Native Registration - Email Lookup,Email Lookup,Apple iOS,RE GISTRATION (NATIVE),RG(,Email Lookup,,,,,Apple iOS_RG(_2,,133,1,10,,Positive,2025-01-27
134,DR_Native Registration - Email Lookup Success,Email Lookup Success Rate,Apple iOS,RE GISTRATION (NATIVE),RG(,,Email Lookup Success Rate,,,,Apple iOS_RG(_2.1,Apple iOS_RG(_2,134,2,10,133.0,Positive,2025-01-27
135,DR_Native Registration - Server Form Errors,Reg_native Server Errors,Apple iOS,RE GISTRATION (NATIVE),RG(,,Reg_native Server Errors,,,,Apple iOS_RG(_2.2,Apple iOS_RG(_2,135,2,10,133.0,Negative,2025-01-27
136,DR_CoxApp | Chat from Registration Flow,Reg_native Interacted with Chat,Apple iOS,RE GISTRATION (NATIVE),RG(,,Reg_native Interacted with Chat,,,,Apple iOS_RG(_2.3,Apple iOS_RG(_2,136,2,10,133.0,Negative,2025-01-27
137,DR_Native Registration - Intent to Register,Intent to Register,Apple iOS,RE GISTRATION (NATIVE),RG(,Intent to Register,,,,,Apple iOS_RG(_3,,137,1,10,,Positive,2025-01-27
138,DR_Native Registration Success,Funnel Success Rate,Apple iOS,RE GISTRATION (NATIVE),RG(,,Funnel Success Rate,,,,Apple iOS_RG(_3.1,Apple iOS_RG(_3,138,2,10,137.0,Positive,2025-01-27
139,DR_Native Registration - Phone Lookup,Phone Lookup,Apple iOS,RE GISTRATION (NATIVE),RG(,Phone Lookup,,,,,Apple iOS_RG(_4,,139,1,10,,Positive,2025-01-27
140,DR_Native Registration - Phone Lookup Success,Phone Lookup Success Rate,Apple iOS,RE GISTRATION (NATIVE),RG(,,Phone Lookup Success Rate,,,,Apple iOS_RG(_4.1,Apple iOS_RG(_4,140,2,10,139.0,Positive,2025-01-27
141,DR_Reset Modem - Home Page,Reset Modem Start Page Visits,Apple iOS,RESET MODEM,RM,Reset Modem Start Page Visits,,,,,Apple iOS_RM_1,,141,1,11,,Positive,2025-01-27
142,DR_Reset Modem - Started Rebooting Process,Started Reset Process,Apple iOS,RESET MODEM,RM,,Started Reset Process,,,,Apple iOS_RM_1.1,Apple iOS_RM_1,142,2,11,141.0,Positive,2025-01-27
143,DR_Reset Modem - Rebooting Complete,Reset Process Complete,Apple iOS,RESET MODEM,RM,,,Reset Process Complete,,,Apple iOS_RM_1.1.1,Apple iOS_RM_1.1,143,3,11,142.0,Positive,2025-01-27
144,DR_Reset Modem - Rebooting Incomplete,Reset Process Incomplete,Apple iOS,RESET MODEM,RM,,,Reset Process Incomplete,,,Apple iOS_RM_1.1.2,Apple iOS_RM_1.1,144,3,11,142.0,Negative,2025-01-27
145,DR_Reset Modem Error -DMCA,DMCA Error,Apple iOS,RESET MODEM,RM,,DMCA Error,,,,Apple iOS_RM_1.2,Apple iOS_RM_1,145,2,11,141.0,Negative,2025-01-27
146,DR_Reset Modem - Agent Chat,Reset_Modem Interacted with Chat,Apple iOS,RESET MODEM,RM,,,Reset_Modem Interacted with Chat,,,Apple iOS_RM_1.2.1,Apple iOS_RM_1.2,146,3,11,145.0,Negative,2025-01-27
147,DR_Reset Modem - Error Outage,Error Outage,Apple iOS,RESET MODEM,RM,,Error Outage,,,,Apple iOS_RM_1.3,Apple iOS_RM_1,147,2,11,141.0,Negative,2025-01-27
148,DR_Reset Modem Error - Non Pay,Non Pay Error,Apple iOS,RESET MODEM,RM,,Non Pay Error,,,,Apple iOS_RM_1.4,Apple iOS_RM_1,148,2,11,141.0,Negative,2025-01-27
149,DR_Reset Tvbox - Home Page,Reset TV Box Start Page Visits,Apple iOS,RESET TV BOX,RTB,Reset TV Box Start Page Visits,,,,,Apple iOS_RTB_1,,149,1,12,,Positive,2025-01-27
150,DR_Reset Tvbox - Rebooting,Reset_TV Started Reset Process,Apple iOS,RESET TV BOX,RTB,,Reset_TV Started Reset Process,,,,Apple iOS_RTB_1.1,Apple iOS_RTB_1,150,2,12,149.0,Positive,2025-01-27
151,DR_Reset Tvbox - Complete,Reset_TV Process Complete,Apple iOS,RESET TV BOX,RTB,,,Reset_TV Process Complete,,,Apple iOS_RTB_1.1.1,Apple iOS_RTB_1.1,151,3,12,150.0,Positive,2025-01-27
152,DR_Reset Tvbox - Incomplete,Reset_TV Process Incomplete,Apple iOS,RESET TV BOX,RTB,,,Reset_TV Process Incomplete,,,Apple iOS_RTB_1.1.2,Apple iOS_RTB_1.1,152,3,12,150.0,Negative,2025-01-27
153,DR_Reset Tvbox Error - DMCA,Reset_TV DMCA Error,Apple iOS,RESET TV BOX,RTB,,Reset_TV DMCA Error,,,,Apple iOS_RTB_1.2,Apple iOS_RTB_1,153,2,12,149.0,Negative,2025-01-27
154,DR_Reset Tvbox - Agent Chat,Reset_TV Interacted with Chat,Apple iOS,RESET TV BOX,RTB,,,Reset_TV Interacted with Chat,,,Apple iOS_RTB_1.2.1,Apple iOS_RTB_1.2,154,3,12,153.0,Negative,2025-01-27
155,DR_Reset Tvbox - Error Outage,Reset_TV Error Outage,Apple iOS,RESET TV BOX,RTB,,Reset_TV Error Outage,,,,Apple iOS_RTB_1.3,Apple iOS_RTB_1,155,2,12,149.0,Negative,2025-01-27
156,DR_Reset Tvbox Error - Non Pay,Reset_TV Non Pay Error,Apple iOS,RESET TV BOX,RTB,,Reset_TV Non Pay Error,,,,Apple iOS_RTB_1.4,Apple iOS_RTB_1,156,2,12,149.0,Negative,2025-01-27
157,DR_Alert Type Visits,Visits with Service Alert,Apple iOS,SERVICE ALERT,SA,Visits with Service Alert,,,,,Apple iOS_SA_1,,157,1,13,,Negative,2025-01-27
158,DR_Outage Alert,Service_alert Outage,Apple iOS,SERVICE ALERT,SA,,Service_alert Outage,,,,Apple iOS_SA_1.1,Apple iOS_SA_1,158,2,13,157.0,Negative,2025-01-27
159,Dr_Campaign Rolloff Alert,Service_alert Campaign Rolloff,Apple iOS,SERVICE ALERT,SA,,Service_alert Campaign Rolloff,,,,Apple iOS_SA_1.2,Apple iOS_SA_1,159,2,13,157.0,Negative,2025-01-27
160,Dr_NonPay Suspension Alert,Service_alert NonPay Suspension,Apple iOS,SERVICE ALERT,SA,,Service_alert NonPay Suspension,,,,Apple iOS_SA_1.3,Apple iOS_SA_1,160,2,13,157.0,Negative,2025-01-27
161,Dr_Network Construction Alert,Service_alert Network Construction,Apple iOS,SERVICE ALERT,SA,,Service_alert Network Construction,,,,Apple iOS_SA_1.4,Apple iOS_SA_1,161,2,13,157.0,Negative,2025-01-27
162,Dr_DMCA Termination Alert,Service_alert DMCA Termination,Apple iOS,SERVICE ALERT,SA,,Service_alert DMCA Termination,,,,Apple iOS_SA_1.5,Apple iOS_SA_1,162,2,13,157.0,Negative,2025-01-27
163,server:error:CC-CLIENT_ERROR,,Apple iOS,SERVER ERRORS,SE,,,,,,,,163,1,14,,,2025-01-27
164,server:error:CC-NO-INTERNET,,Apple iOS,SERVER ERRORS,SE,,,,,,,,164,1,14,,,2025-01-27
165,server:error:CC-INTERNAL_ERROR,,Apple iOS,SERVER ERRORS,SE,,,,,,,,165,1,14,,,2025-01-27
166,server:error:CC-PAYMENT_AUTH_FAILED,,Apple iOS,SERVER ERRORS,SE,,,,,,,,166,1,14,,,2025-01-27
167,server:error:unable_to_retrieve_data_usage_information_at_this_time.,,Apple iOS,SERVER ERRORS,SE,,,,,,,,167,1,14,,,2025-01-27
168,server:error:CC-ACCOUNT_NOT_FOUND,,Apple iOS,SERVER ERRORS,SE,,,,,,,,168,1,14,,,2025-01-27
169,server:error:CC-USERNAME-ALREADY-EXISTS,,Apple iOS,SERVER ERRORS,SE,,,,,,,,169,1,14,,,2025-01-27
170,server:error:CC-PASSWORD_DENIED,,Apple iOS,SERVER ERRORS,SE,,,,,,,,170,1,14,,,2025-01-27
171,server:error:CC-SECURITY_TOKEN_NOT_FOUND,,Apple iOS,SERVER ERRORS,SE,,,,,,,,171,1,14,,,2025-01-27
172,server:error:CC-PAYMENT_UNKNOWN_ERROR,,Apple iOS,SERVER ERRORS,SE,,,,,,,,172,1,14,,,2025-01-27
173,server:error:CC-DUPLICATE_PAYMENT,,Apple iOS,SERVER ERRORS,SE,,,,,,,,173,1,14,,,2025-01-27
174,server:error:CC-INVALID_ZIPCODE,,Apple iOS,SERVER ERRORS,SE,,,,,,,,174,1,14,,,2025-01-27
175,server:error:CC-PRIMARY-IDENTITY-ALREADY-EXISTS,,Apple iOS,SERVER ERRORS,SE,,,,,,,,175,1,14,,,2025-01-27
176,server:error:CC-INVALID_CVV,,Apple iOS,SERVER ERRORS,SE,,,,,,,,176,1,14,,,2025-01-27
177,server:error:CC-INVALID_CARD_NUMBER,,Apple iOS,SERVER ERRORS,SE,,,,,,,,177,1,14,,,2025-01-27
178,server:error:CC-APPOINTMENT-SLOT-ERROR,,Apple iOS,SERVER ERRORS,SE,,,,,,,,178,1,14,,,2025-01-27
179,server:error:CC-PAYMENT_METHOD_RESTRICTED,,Apple iOS,SERVER ERRORS,SE,,,,,,,,179,1,14,,,2025-01-27
180,server:error:CC-INVALID_ROUTING_NUMBER,,Apple iOS,SERVER ERRORS,SE,,,,,,,,180,1,14,,,2025-01-27
181,server:error:CC-SECURE_TOKEN_ALREADY_VERIFIED,,Apple iOS,SERVER ERRORS,SE,,,,,,,,181,1,14,,,2025-01-27
182,server:error:CC-VALIDATION_ERROR,,Apple iOS,SERVER ERRORS,SE,,,,,,,,182,1,14,,,2025-01-27
183,DR_SmartHelp - Landing Page,Devices Page Visits,Apple iOS,SMART HELP,SH,Devices Page Visits,,,,,Apple iOS_SH_1,,183,1,15,,Positive,2025-01-27
184,DR_SmartHelp - Started,Started Troubleshooting (Solution Center),Apple iOS,SMART HELP,SH,,Started Troubleshooting (Solution Center),,,,Apple iOS_SH_1.1,Apple iOS_SH_1,184,2,15,183.0,Positive,2025-01-27
185,DR_SmartHelp - Result,Saw a Result,Apple iOS,SMART HELP,SH,,,Saw a Result,,,Apple iOS_SH_1.1.1,Apple iOS_SH_1.1,185,3,15,184.0,Positive,2025-01-27
186,DR_SmartHelp Result - Unknown,1st common reason (Unknown),Apple iOS,SMART HELP,SH,,,,1st common reason (Unknown),,Apple iOS_SH_1.1.1.1,Apple iOS_SH_1.1.1,186,4,15,185.0,Negative,2025-01-27
187,DR_SmartHelp Result - Disconnected,2nd common reason (Disconnected),Apple iOS,SMART HELP,SH,,,,2nd common reason (Disconnected),,Apple iOS_SH_1.1.1.2,Apple iOS_SH_1.1.1,187,4,15,185.0,Negative,2025-01-27
188,DR_SmartHelp Result - Incomplete Install,3rd common reason (Incomplete Install),Apple iOS,SMART HELP,SH,,,,3rd common reason (Incomplete Install),,Apple iOS_SH_1.1.1.3,Apple iOS_SH_1.1.1,188,4,15,185.0,Negative,2025-01-27
189,DR_SmartHelp - Reboot Flow Started,Did a Device Reboot,Apple iOS,SMART HELP,SH,,Did a Device Reboot,,,,Apple iOS_SH_1.2,Apple iOS_SH_1,189,2,15,183.0,Positive,2025-01-27
190,DR_SmartHelp - P&P,Started Proactive and Preventive (P&P),Apple iOS,SMART HELP,SH,,Started Proactive and Preventive (P&P),,,,Apple iOS_SH_1.3,Apple iOS_SH_1,190,2,15,183.0,Positive,2025-01-27
191,DR_Smarthelp P&P - Let's troubleshoot together,Started P&P troubleshooting,Apple iOS,SMART HELP,SH,,,Started P&P troubleshooting,,,Apple iOS_SH_1.3.1,Apple iOS_SH_1.3,191,3,15,190.0,Positive,2025-01-27
192,DR_Smarthelp P&P - Reset Complete,Smarthelp Reset Complete,Apple iOS,SMART HELP,SH,,,Smarthelp Reset Complete,,,Apple iOS_SH_1.3.2,Apple iOS_SH_1.3,192,3,15,190.0,Positive,2025-01-27
193,DR_Smarthelp P&P - Let's schedule a technician visit,Schedule Tech,Apple iOS,SMART HELP,SH,,,Schedule Tech,,,Apple iOS_SH_1.3.3,Apple iOS_SH_1.3,193,3,15,190.0,Positive,2025-01-27
194,DR_Smarthelp P&P - Connect with a support agent,Connect with Agent,Apple iOS,SMART HELP,SH,,,Connect with Agent,,,Apple iOS_SH_1.3.4,Apple iOS_SH_1.3,194,3,15,190.0,Negative,2025-01-27
195,DR_Smarthelp P&P - Interacted with Chat Agent,Smarthelp_P&P Interacted with Chat,Apple iOS,SMART HELP,SH,,,Smarthelp_P&P Interacted with Chat,,,Apple iOS_SH_1.3.5,Apple iOS_SH_1.3,195,3,15,190.0,Negative,2025-01-27
196,DR_SmartHelp - Billing & Account Support,Clicked Billing & Account Support,Apple iOS,SMART HELP,SH,,Clicked Billing & Account Support,,,,Apple iOS_SH_1.4,Apple iOS_SH_1,196,2,15,183.0,Positive,2025-01-27
197,DR_SmartHelp - Internet Support,Clicked Internet Support,Apple iOS,SMART HELP,SH,,Clicked Internet Support,,,,Apple iOS_SH_1.5,Apple iOS_SH_1,197,2,15,183.0,Positive,2025-01-27
198,DR_SmartHelp - TV Support,Clicked TV Support,Apple iOS,SMART HELP,SH,,Clicked TV Support,,,,Apple iOS_SH_1.6,Apple iOS_SH_1,198,2,15,183.0,Positive,2025-01-27
199,DR_SmartHelp - Homelife Support,Clicked Homelife Support,Apple iOS,SMART HELP,SH,,Clicked Homelife Support,,,,Apple iOS_SH_1.7,Apple iOS_SH_1,199,2,15,183.0,Positive,2025-01-27
200,DR_SmartHelp - Agent Chat,Smarthelp_Interacted with Chat,Apple iOS,SMART HELP,SH,,Smarthelp_Interacted with Chat,,,,Apple iOS_SH_1.8,Apple iOS_SH_1,200,2,15,183.0,Negative,2025-01-27
201,DR_Support Home,Support Home Visits,Apple iOS,S UPPORT,SU,Support Home Visits,,,,,Apple iOS_SU_1,,201,1,16,,Positive,2025-01-27
202,DR_Support - Internet,Support Internet Support,Apple iOS,S UPPORT,SU,,Support Internet Support,,,,Apple iOS_SU_1.1,Apple iOS_SU_1,202,2,16,201.0,Positive,2025-01-27
203,DR_Support - Billing and Account,Billing & Account Support,Apple iOS,S UPPORT,SU,,Billing & Account Support,,,,Apple iOS_SU_1.2,Apple iOS_SU_1,203,2,16,201.0,Positive,2025-01-27
204,DR_Support - Billing,Billing Support,Apple iOS,S UPPORT,SU,,Billing Support,,,,Apple iOS_SU_1.3,Apple iOS_SU_1,204,2,16,201.0,Positive,2025-01-27
205,DR_Support - Account,Account Support,Apple iOS,S UPPORT,SU,,Account Support,,,,Apple iOS_SU_1.4,Apple iOS_SU_1,205,2,16,201.0,Positive,2025-01-27
206,DR_Support - TV,Support TV Support,Apple iOS,S UPPORT,SU,,Support TV Support,,,,Apple iOS_SU_1.5,Apple iOS_SU_1,206,2,16,201.0,Positive,2025-01-27
207,DR_Support - Homelife,Support Homelife Support,Apple iOS,S UPPORT,SU,,Support Homelife Support,,,,Apple iOS_SU_1.6,Apple iOS_SU_1,207,2,16,201.0,Positive,2025-01-27
208,DR_Support - Mobile,Support Mobile Support,Apple iOS,S UPPORT,SU,,Support Mobile Support,,,,Apple iOS_SU_1.7,Apple iOS_SU_1,208,2,16,201.0,Positive,2025-01-27
209,DR_Support - Read an Article,Read an Article,Apple iOS,S UPPORT,SU,,Read an Article,,,,Apple iOS_SU_1.8,Apple iOS_SU_1,209,2,16,201.0,Positive,2025-01-27
210,DR_Support - Search,Support Search,Apple iOS,S UPPORT,SU,,Support Search,,,,Apple iOS_SU_1.9,Apple iOS_SU_1,210,2,16,201.0,Negative,2025-01-27
211,DR_Support - Click on Exit Link,Went to External Link,Apple iOS,S UPPORT,SU,,Went to External Link,,,,Apple iOS_SU_1.10,Apple iOS_SU_1,211,2,16,201.0,Positive,2025-01-27
212,DR_Support - App Feedback,App Feedback,Apple iOS,S UPPORT,SU,,App Feedback,,,,Apple iOS_SU_1.11,Apple iOS_SU_1,212,2,16,201.0,Positive,2025-01-27
213,DR_Support - Agent chat started,Support Interacted with Chat,Apple iOS,S UPPORT,SU,,Support Interacted with Chat,,,,Apple iOS_SU_1.12,Apple iOS_SU_1,213,2,16,201.0,Negative,2025-01-27
214,DR_TSV Enrollment Home Page,Visits to TSV Home Page,Apple iOS,TWO-STEP VERIFICATION,TV,Visits to TSV Home Page,,,,,Apple iOS_TV_1,,214,1,17,,Positive,2025-01-27
215,DR_TSV | Intent to Enrollment,TSV Enrollment Page,Apple iOS,TWO-STEP VERIFICATION,TV,,TSV Enrollment Page,,,,Apple iOS_TV_1.1,Apple iOS_TV_1,215,2,17,214.0,Positive,2025-01-27
216,DR_TSV Enrollment - Success,TSV Overall Success Rate,Apple iOS,TWO-STEP VERIFICATION,TV,,TSV Overall Success Rate,,,,Apple iOS_TV_1.2,Apple iOS_TV_1,216,2,17,214.0,Positive,2025-01-27
217,DR_TSV Enrollment - Email,TSV Email Text,Apple iOS,TWO-STEP VERIFICATION,TV,TSV Email Text,,,,,Apple iOS_TV_2,,217,1,17,,Positive,2025-01-27
218,DR_TSV Enrollment - Email Success,TSV Email Success Rate,Apple iOS,TWO-STEP VERIFICATION,TV,,TSV Email Success Rate,,,,Apple iOS_TV_2.1,Apple iOS_TV_2,218,2,17,217.0,Positive,2025-01-27
219,DR_TSV Enrollment - Update,TSV Update,Apple iOS,TWO-STEP VERIFICATION,TV,,TSV Update,,,,Apple iOS_TV_2.2,Apple iOS_TV_2,219,2,17,217.0,Positive,2025-01-27
220,DR_TSV Enrollment - Server Errors,TSV Server Errors,Apple iOS,TWO-STEP VERIFICATION,TV,,TSV Server Errors,,,,Apple iOS_TV_2.3,Apple iOS_TV_2,220,2,17,217.0,Negative,2025-01-27
221,DR_TSV Enrollment - Phone text,TSV Phone Text,Apple iOS,TWO-STEP VERIFICATION,TV,TSV Phone Text,,,,,Apple iOS_TV_3,,221,1,17,,Positive,2025-01-27
222,DR_TSV Enrollment - Phone text Success,TSV Text Success Rate,Apple iOS,TWO-STEP VERIFICATION,TV,,TSV Text Success Rate,,,,Apple iOS_TV_3.1,Apple iOS_TV_3,222,2,17,221.0,Positive,2025-01-27
223,DR_TSV Enrollment - Phone call,TSV Phone Call,Apple iOS,TWO-STEP VERIFICATION,TV,TSV Phone Call,,,,,Apple iOS_TV_4,,223,1,17,,Positive,2025-01-27
224,DR_TSV Enrollment - Phone call Success,TSV Call Success Rate,Apple iOS,TWO-STEP VERIFICATION,TV,,TSV Call Success Rate,,,,Apple iOS_TV_4.1,Apple iOS_TV_4,224,2,17,223.0,Positive,2025-01-27
225,www.cox.com/residential/mobile/deals.html?sc_id=cr_mobile_app_z_coxapp_z_swrve_emb_mobile_holidays_b,,Apple iOS,U R L,URL,,,,,,,,225,1,18,,,2025-01-27
226,www.cox.com/residential/mobile/deals.html?sc_id=cr_mobile_app_z_coxapp_z_swrve_emb_mobile_holidays_2,,Apple iOS,U R L,URL,,,,,,,,226,1,18,,,2025-01-27
227,www.cox.com/mobile-shop/devices/apple?sc_id=cr_mobile_app_z_coxapp_z_swrve_emb_mobile_iphone16_ga,,Apple iOS,U R L,URL,,,,,,,,227,1,18,,,2025-01-27
228,www.cox.com/mobile-shop/check-device-compatibility.html&sc_id=cr_mobile_app_z_coxapp_z_swrve_emb_mob,,Apple iOS,U R L,URL,,,,,,,,228,1,18,,,2025-01-27
229,www.cox.com/mobile-shop/device/motorola-moto-g-play-2024_sapphire-blue?storage=64gb&sc_id=cr_mobile_,,Apple iOS,U R L,URL,,,,,,,,229,1,18,,,2025-01-27
230,www.cox.com/residential/refer-a-friend.html?&sc_id=cr_mobile_app_z_coxapp_z_swrve_emb_extole,,Apple iOS,U R L,URL,,,,,,,,230,1,18,,,2025-01-27
231,www.cox.com/mobile-shop/devices/apple&sc_id=cr_mobile_app_z_coxapp_z_swrve_emb_mobile_iphone16_PO,,Apple iOS,U R L,URL,,,,,,,,231,1,18,,,2025-01-27
232,www.cox.com/residential-shop/repackage-landing.html?sc_id=cr_mobile_app_z_coxapp_z_swrve_push_cro45,,Apple iOS,U R L,URL,,,,,,,,232,1,18,,,2025-01-27
233,www.cox.com/residential/move.html?sc_id=cr_mobile_app_z_coxapp_z_swrve_inapp,,Apple iOS,U R L,URL,,,,,,,,233,1,18,,,2025-01-27
234,www.cox.com/residential-shop/repackage-landing.html?sc_id=cr_mobile_app_z_coxapp_z_swrve_push_cro00,,Apple iOS,U R L,URL,,,,,,,,234,1,18,,,2025-01-27
235,www.cox.com/residential-shop/repackage-landing.html?sc_id=cr_mobile_app_z_coxapp_z_swrve_push_cro21,,Apple iOS,U R L,URL,,,,,,,,235,1,18,,,2025-01-27
236,www.cox.com/mobile-shop/devices?brand=apple?intercept=false&sc_id=cr_mobile_app_z_coxapp_z_swrve_emb,,Apple iOS,U R L,URL,,,,,,,,236,1,18,,,2025-01-27
237,DR_Visits to Billing Home,Billing Section Visits,Google Android,BIL LING,BL,Billing Section Visits,,,,,Google Android_BL_1,,1,1,1,,Positive,2025-01-27
238,DR_Billing Make a Payment,Make Payments,Google Android,BIL LING,BL,,Make Payments,,,,Google Android_BL_1.1,Google Android_BL_1,2,2,1,237.0,Positive,2025-01-27
239,DR_Payment Submit,Payment Submit,Google Android,BIL LING,BL,,Payment Submit,,,,Google Android_BL_1.2,Google Android_BL_1,3,2,1,237.0,Positive,2025-01-27
240,DR_Payments,Payment Success Rate,Google Android,BIL LING,BL,,,Payment Success Rate,,,Google Android_BL_1.2.1,Google Android_BL_1.2,4,3,1,239.0,Positive,2025-01-27
241,DR_Client Errors on Make Payment,Client Errors on Payment Page,Google Android,BIL LING,BL,,,Client Errors on Payment Page,,,Google Android_BL_1.2.2,Google Android_BL_1.2,5,3,1,239.0,Negative,2025-01-27
242,DR_Server Errors on Make Payment,Server Errors on Payment Page,Google Android,BIL LING,BL,,,Server Errors on Payment Page,,,Google Android_BL_1.2.3,Google Android_BL_1.2,6,3,1,239.0,Negative,2025-01-27
243,DR_Promise to Pay,Promise to Pay - Linkout,Google Android,BIL LING,BL,,Promise to Pay - Linkout,,,,Google Android_BL_1.3,Google Android_BL_1,7,2,1,237.0,Positive,2025-01-27
244,DR_Promise to Pay (Native),Promise to Pay - Native,Google Android,BIL LING,BL,,Promise to Pay - Native,,,,Google Android_BL_1.4,Google Android_BL_1,8,2,1,237.0,Positive,2025-01-27
245,DR_CoxApp | Billing - Additional time to pay (Link out),Additional time to pay - Linkout,Google Android,BIL LING,BL,,,Additional time to pay - Linkout,,,Google Android_BL_1.4.1,Google Android_BL_1.4,9,3,1,244.0,Positive,2025-01-27
246,DR_CoxApp | Billing - Future date payment (Link out),Future date payment - Linkout,Google Android,BIL LING,BL,,,Future date payment - Linkout,,,Google Android_BL_1.4.2,Google Android_BL_1.4,10,3,1,244.0,Positive,2025-01-27
247,DR_Billing - View Bill Details,Bill Downloads,Google Android,BIL LING,BL,,Bill Downloads,,,,Google Android_BL_1.5,Google Android_BL_1,11,2,1,237.0,Positive,2025-01-27
248,DR_Billing - Activity & Statements,Activity & Statements,Google Android,BIL LING,BL,,Activity & Statements,,,,Google Android_BL_1.6,Google Android_BL_1,12,2,1,237.0,Positive,2025-01-27
249,DR_Billing - Automatic Payments,Easy Pay Enrollments,Google Android,BIL LING,BL,,Easy Pay Enrollments,,,,Google Android_BL_1.7,Google Android_BL_1,13,2,1,237.0,Positive,2025-01-27
250,DR_Billing - Manage Payment Methods,Payment Method Changes,Google Android,BIL LING,BL,,Payment Method Changes,,,,Google Android_BL_1.8,Google Android_BL_1,14,2,1,237.0,Positive,2025-01-27
251,DR_Billing - Agreements & Discounts,Agreement & Discounts,Google Android,BIL LING,BL,,Agreement & Discounts,,,,Google Android_BL_1.9,Google Android_BL_1,15,2,1,237.0,Positive,2025-01-27
252,DR_Billing - Bill Delivery,Bill Delivery Options,Google Android,BIL LING,BL,,Bill Delivery Options,,,,Google Android_BL_1.10,Google Android_BL_1,16,2,1,237.0,Positive,2025-01-27
253,DR_Billing - Edit Billing Address,Address Changes,Google Android,BIL LING,BL,,Address Changes,,,,Google Android_BL_1.11,Google Android_BL_1,17,2,1,237.0,Positive,2025-01-27
254,DR_Billing - Move My Service,Move Service,Google Android,BIL LING,BL,,Move Service,,,,Google Android_BL_1.12,Google Android_BL_1,18,2,1,237.0,Positive,2025-01-27
255,DR_Billing visits to chat,Billing_Interacted with chat,Google Android,BIL LING,BL,,Billing_Interacted with chat,,,,Google Android_BL_1.13,Google Android_BL_1,19,2,1,237.0,Negative,2025-01-27
256,DR_Wireless Service,Visits from 'Cox Mobile' users,Google Android,COX MOBILE,CM,Visits from 'Cox Mobile' users,,,,,Google Android_CM_1,,20,1,2,,Positive,2025-01-27
257,DR_Mymobile HomePage Visits,Coxmob Line Detail Page,Google Android,COX MOBILE,CM,,Coxmob Line Detail Page,,,,Google Android_CM_1.1,Google Android_CM_1,21,2,2,256.0,Positive,2025-01-27
258,DR_Mobile Lock Enabled,,Google Android,COX MOBILE,CM,,,,,,,,22,1,2,,,2025-01-27
259,DR_Mobile Lock Disabled,,Google Android,COX MOBILE,CM,,,,,,,,23,1,2,,,2025-01-27
260,DR_Change Status Exit link,Coxmob Change Status External Link,Google Android,COX MOBILE,CM,,,Coxmob Change Status External Link,,,Google Android_CM_1.1.1,Google Android_CM_1.1,24,3,2,257.0,Positive,2025-01-27
261,DR_Add a Line,Coxmob Add a Line,Google Android,COX MOBILE,CM,,,Coxmob Add a Line,,,Google Android_CM_1.1.2,Google Android_CM_1.1,25,3,2,257.0,Positive,2025-01-27
262,DR_Change your Plan,Coxmob Change  Plan - linkout,Google Android,COX MOBILE,CM,,,Coxmob Change  Plan - linkout,,,Google Android_CM_1.1.3,Google Android_CM_1.1,26,3,2,257.0,,2025-01-27
263,DR_Change Plan - New,Coxmob Change Plan - Native,Google Android,COX MOBILE,CM,,,Coxmob Change Plan - Native,,,Google Android_CM_1.1.4,Google Android_CM_1.1,27,3,2,257.0,Positive,2025-01-27
264,DR_Change plan - Account Restrictions,Coxmob Account Restrictions,Google Android,COX MOBILE,CM,,,,Coxmob Account Restrictions,,Google Android_CM_1.1.4.1,Google Android_CM_1.1.4,28,4,2,263.0,Negative,2025-01-27
265,DR_Change plan Confirmation,Coxmob Plan Purchased,Google Android,COX MOBILE,CM,,,,Coxmob Plan Purchased,,Google Android_CM_1.1.4.2,Google Android_CM_1.1.4,29,4,2,263.0,Positive,2025-01-27
266,DR_Change Plan - Pay as Gig,Coxmob Gig Plan,Google Android,COX MOBILE,CM,,,,,Coxmob Gig Plan,Google Android_CM_1.1.4.2.1,Google Android_CM_1.1.4.2,30,5,2,265.0,Positive,2025-01-27
267,DR_Change Plan - Unlimited,Coxmob Unlimited Plan,Google Android,COX MOBILE,CM,,,,,Coxmob Unlimited Plan,Google Android_CM_1.1.4.2.2,Google Android_CM_1.1.4.2,31,5,2,265.0,Positive,2025-01-27
268,DR_Welcome Guide,Coxmob Welcome Guide,Google Android,COX MOBILE,CM,,,Coxmob Welcome Guide,,,Google Android_CM_1.1.5,Google Android_CM_1.1,32,3,2,257.0,Positive,2025-01-27
269,DR_Device Payment Plan,Coxmob Device Payment Plan,Google Android,COX MOBILE,CM,,,Coxmob Device Payment Plan,,,Google Android_CM_1.1.6,Google Android_CM_1.1,33,3,2,257.0,Positive,2025-01-27
270,DR_Insurance Claim,File a Claim,Google Android,COX MOBILE,CM,,,File a Claim,,,Google Android_CM_1.1.7,Google Android_CM_1.1,34,3,2,257.0,Negative,2025-01-27
271,DR_Opted for Pay as you Gig Plan,Coxmob Pay as you Gig,Google Android,COX MOBILE,CM,,Coxmob Pay as you Gig,,,,Google Android_CM_1.2,Google Android_CM_1,35,2,2,256.0,Positive,2025-01-27
272,DR_Opted for Gig Unlimited Plan,Coxmob Gig Unlimited Plan,Google Android,COX MOBILE,CM,,Coxmob Gig Unlimited Plan,,,,Google Android_CM_1.3,Google Android_CM_1,36,2,2,256.0,Positive,2025-01-27
273,DR_Mobile Billing Home,Coxmob Billing Home,Google Android,COX MOBILE,CM,,Coxmob Billing Home,,,,Google Android_CM_1.4,Google Android_CM_1,37,2,2,256.0,Positive,2025-01-27
274,DR_Mobile Billing - Additional Payment,Coxmob Make Additional Payment,Google Android,COX MOBILE,CM,,Coxmob Make Additional Payment,,,,Google Android_CM_1.5,Google Android_CM_1,38,2,2,256.0,Positive,2025-01-27
275,DR_Mobile Billing - Payment Method,Coxmob Payment Method Changes,Google Android,COX MOBILE,CM,,Coxmob Payment Method Changes,,,,Google Android_CM_1.6,Google Android_CM_1,39,2,2,256.0,Positive,2025-01-27
276,DR_Mobile Billing - Activity & Statements,Coxmob Activity & Statements,Google Android,COX MOBILE,CM,,Coxmob Activity & Statements,,,,Google Android_CM_1.7,Google Android_CM_1,40,2,2,256.0,Positive,2025-01-27
277,DR_Mobile Billing - Easypay Confirmation,Coxmob Easypay Enrollment,Google Android,COX MOBILE,CM,,Coxmob Easypay Enrollment,,,,Google Android_CM_1.8,Google Android_CM_1,41,2,2,256.0,Positive,2025-01-27
278,DR_Mobile Billing - Bill Delivery Confirmation,Coxmob Bill Delivery Changes,Google Android,COX MOBILE,CM,,Coxmob Bill Delivery Changes,,,,Google Android_CM_1.9,Google Android_CM_1,42,2,2,256.0,Positive,2025-01-27
279,DR_Wireless Support,Coxmob Support Section,Google Android,COX MOBILE,CM,,Coxmob Support Section,,,,Google Android_CM_1.10,Google Android_CM_1,43,2,2,256.0,Positive,2025-01-27
280,DR_Total Data Usage Visits,Total Data Usage Visits,Google Android,DATA USAGE,DU,Total Data Usage Visits,,,,,Google Android_DU_1,,44,1,3,,Positive,2025-01-27
281,DR_Data Plan upgrade,Data Plan Upgrade,Google Android,DATA USAGE,DU,,Data Plan Upgrade,,,,Google Android_DU_1.1,Google Android_DU_1,45,2,3,280.0,Positive,2025-01-27
282,DR_Data Usage Learn More,Learn More,Google Android,DATA USAGE,DU,,Learn More,,,,Google Android_DU_1.2,Google Android_DU_1,46,2,3,280.0,Positive,2025-01-27
283,DR_Data Usage Courtesy Credits,Courtesy Credit,Google Android,DATA USAGE,DU,,Courtesy Credit,,,,Google Android_DU_1.3,Google Android_DU_1,47,2,3,280.0,Positive,2025-01-27
284,DR_Total Data Usage >=75%,Data usage >=75%,Google Android,DATA USAGE,DU,,Data usage >=75%,,,,Google Android_DU_1.4,Google Android_DU_1,48,2,3,280.0,Positive,2025-01-27
285,DR_Total Data Usage >=100%,Data usage >=100%,Google Android,DATA USAGE,DU,,Data usage >=100%,,,,Google Android_DU_1.5,Google Android_DU_1,49,2,3,280.0,Positive,2025-01-27
286,DR_Data Usage - Agent Chat Started,Data_usage Interacted with Chat,Google Android,DATA USAGE,DU,,Data_usage Interacted with Chat,,,,Google Android_DU_1.6,Google Android_DU_1,50,2,3,280.0,Negative,2025-01-27
287,DR_Direct Ecomm Visits Traffic from to Cox.com,Total Visits from web ecomm,Google Android,E COMMERCE,EC,,,,,,,,51,1,4,,Positive,2025-01-27
288,DR_Direct Ecomm order Traffic sent from cox.com,Total Orders from web ecomm,Google Android,E COMMERCE,EC,,,,,,,,52,1,4,,Positive,2025-01-27
289,DR_Direct Ecomm Traffic sent from App to cox.com,Visits sent from app to cox.com,Google Android,E COMMERCE,EC,Visits sent from app to cox.com,,,,,Google Android_EC_1,,53,1,4,,Positive,2025-01-27
290,DR_Direct Ecomm order Traffic sent from App to cox.com,Orders generated,Google Android,E COMMERCE,EC,,,,,,,,54,1,4,,Positive,2025-01-27
291,DR_Data Plan Upgrade Ecomm Traffic sent from App to cox.com,Data Usage,Google Android,E COMMERCE,EC,,Data Usage,,,,Google Android_EC_1.1,Google Android_EC_1,55,2,4,289.0,Positive,2025-01-27
292,DR_Service Plan Upgrade Ecomm Traffic sent from App to cox.com,Plan Changes,Google Android,E COMMERCE,EC,,Plan Changes,,,,Google Android_EC_1.2,Google Android_EC_1,56,2,4,289.0,Positive,2025-01-27
293,DR_CRO Ecomm Traffic sent from App to cox.com,CRO,Google Android,E COMMERCE,EC,,CRO,,,,Google Android_EC_1.3,Google Android_EC_1,57,2,4,289.0,Positive,2025-01-27
294,DR_Transfer Ecomm Traffic sent from App to cox.com,Transfer,Google Android,E COMMERCE,EC,,Transfer,,,,Google Android_EC_1.4,Google Android_EC_1,58,2,4,289.0,Positive,2025-01-27
295,DR_Visits where One EC Card was shown,Easy Connect Eligible Visits,Google Android,EASY CON NECT,ECN,Easy Connect Eligible Visits,,,,,Google Android_ECN_1,,59,1,5,,Positive,2025-01-27
296,DR_EC Flow>Success,Overall Success,Google Android,EASY CON NECT,ECN,,Overall Success,,,,Google Android_ECN_1.1,Google Android_ECN_1,60,2,5,295.0,Positive,2025-01-27
297,DR_EC>Failure,Overall Failure,Google Android,EASY CON NECT,ECN,,Overall Failure,,,,Google Android_ECN_1.2,Google Android_ECN_1,61,2,5,295.0,Negative,2025-01-27
298,DR_EC Flow>Timeout,Overall Timeout,Google Android,EASY CON NECT,ECN,,Overall Timeout,,,,Google Android_ECN_1.3,Google Android_ECN_1,62,2,5,295.0,Negative,2025-01-27
299,DR_EC>No Result,Overall No Result,Google Android,EASY CON NECT,ECN,,Overall No Result,,,,Google Android_ECN_1.4,Google Android_ECN_1,63,2,5,295.0,Negative,2025-01-27
300,DR_Easy Connect - Started,Started the Flow,Google Android,EASY CON NECT,ECN,,Started the Flow,,,,Google Android_ECN_1.5,Google Android_ECN_1,64,2,5,295.0,Positive,2025-01-27
301,DR_Easy Connect Started - Success,Success,Google Android,EASY CON NECT,ECN,,,Success,,,Google Android_ECN_1.5.1,Google Android_ECN_1.5,65,3,5,300.0,Positive,2025-01-27
302,DR_Easy Connect Started - Failure,Failure,Google Android,EASY CON NECT,ECN,,,Failure,,,Google Android_ECN_1.5.2,Google Android_ECN_1.5,66,3,5,300.0,Negative,2025-01-27
303,DR_Easy Connect Started - Timeout,Timeout,Google Android,EASY CON NECT,ECN,,,Timeout,,,Google Android_ECN_1.5.3,Google Android_ECN_1.5,67,3,5,300.0,Negative,2025-01-27
304,DR_Easy Connect Started - No Result,No Result,Google Android,EASY CON NECT,ECN,,,No Result,,,Google Android_ECN_1.5.4,Google Android_ECN_1.5,68,3,5,300.0,Negative,2025-01-27
305,DR_Easy Connect - Started Agent Chat,Easyconnect_Interacted with Chat,Google Android,EASY CON NECT,ECN,,,Easyconnect_Interacted with Chat,,,Google Android_ECN_1.5.5,Google Android_ECN_1.5,69,3,5,300.0,Negative,2025-01-27
306,DR_Visits who did not Start EC Flow,Did Not Start the Flow,Google Android,EASY CON NECT,ECN,,Did Not Start the Flow,,,,Google Android_ECN_1.6,Google Android_ECN_1,70,2,5,295.0,Negative,2025-01-27
307,DR_Visits who did not Start EC Flow - Success,Did_not Success,Google Android,EASY CON NECT,ECN,,,Did_not Success,,,Google Android_ECN_1.6.1,Google Android_ECN_1.6,71,3,5,306.0,Positive,2025-01-27
308,DR_Visits who did not Start EC Flow - Failure,Did_not Failure,Google Android,EASY CON NECT,ECN,,,Did_not Failure,,,Google Android_ECN_1.6.2,Google Android_ECN_1.6,72,3,5,306.0,Negative,2025-01-27
309,DR_Visits who did not Start EC Flow - No Result,Did_not No Result,Google Android,EASY CON NECT,ECN,,,Did_not No Result,,,Google Android_ECN_1.6.3,Google Android_ECN_1.6,73,3,5,306.0,Negative,2025-01-27
310,DR_Easy Connect - Self install success,,Google Android,EASY CON NECT,ECN,,,,,,,,74,1,5,,,2025-01-27
311,DR_Easy Connect - Self install Timeout,,Google Android,EASY CON NECT,ECN,,,,,,,,75,1,5,,,2025-01-27
312,cancel,,Google Android,KEY WORDS,KW,,,,,,,,76,1,6,,,2025-01-27
313,cancel service,,Google Android,KEY WORDS,KW,,,,,,,,77,1,6,,,2025-01-27
314,modem,,Google Android,KEY WORDS,KW,,,,,,,,78,1,6,,,2025-01-27
315,speed test,,Google Android,KEY WORDS,KW,,,,,,,,79,1,6,,,2025-01-27
316,outage,,Google Android,KEY WORDS,KW,,,,,,,,80,1,6,,,2025-01-27
317,bill,,Google Android,KEY WORDS,KW,,,,,,,,81,1,6,,,2025-01-27
318,install,,Google Android,KEY WORDS,KW,,,,,,,,82,1,6,,,2025-01-27
319,hotspot,,Google Android,KEY WORDS,KW,,,,,,,,83,1,6,,,2025-01-27
320,outage map,,Google Android,KEY WORDS,KW,,,,,,,,84,1,6,,,2025-01-27
321,email,,Google Android,KEY WORDS,KW,,,,,,,,85,1,6,,,2025-01-27
322,activate,,Google Android,KEY WORDS,KW,,,,,,,,86,1,6,,,2025-01-27
323,fiber,,Google Android,KEY WORDS,KW,,,,,,,,87,1,6,,,2025-01-27
324,moving,,Google Android,KEY WORDS,KW,,,,,,,,88,1,6,,,2025-01-27
325,upgrade,,Google Android,KEY WORDS,KW,,,,,,,,89,1,6,,,2025-01-27
326,plans,,Google Android,KEY WORDS,KW,,,,,,,,90,1,6,,,2025-01-27
327,outages,,Google Android,KEY WORDS,KW,,,,,,,,91,1,6,,,2025-01-27
328,customer service,,Google Android,KEY WORDS,KW,,,,,,,,92,1,6,,,2025-01-27
329,set up,,Google Android,KEY WORDS,KW,,,,,,,,93,1,6,,,2025-01-27
330,speed,,Google Android,KEY WORDS,KW,,,,,,,,94,1,6,,,2025-01-27
331,set up new modem,,Google Android,KEY WORDS,KW,,,,,,,,95,1,6,,,2025-01-27
332,DR_Login Page Visits,Login Page Visits,Google Android,LOG IN,LI,Login Page Visits,,,,,Google Android_LI_1,,96,1,7,,Positive,2025-01-27
333,DR_Successful logins,Login Success Rate,Google Android,LOG IN,LI,,Login Success Rate,,,,Google Android_LI_1.1,Google Android_LI_1,97,2,7,332.0,Positive,2025-01-27
334,DR_Auto Logins,Share of Auto Login (Remember/Biometrics),Google Android,LOG IN,LI,,,Share of Auto Login (Remember/Biometrics),,,Google Android_LI_1.1.1,Google Android_LI_1.1,98,3,7,333.0,Positive,2025-01-27
335,DR_Clicks to MFA Verification,with TSV,Google Android,LOG IN,LI,,with TSV,,,,Google Android_LI_1.2,Google Android_LI_1,99,2,7,332.0,Positive,2025-01-27
336,DR_Clicks on Forgot User ID,User ID Recovery,Google Android,LOG IN,LI,,User ID Recovery,,,,Google Android_LI_1.3,Google Android_LI_1,100,2,7,332.0,Negative,2025-01-27
337,Clicks on Forgot Password,Password Reset,Google Android,LOG IN,LI,,Password Reset,,,,Google Android_LI_1.4,Google Android_LI_1,101,2,7,332.0,Negative,2025-01-27
338,DR_Need to Register,Registration,Google Android,LOG IN,LI,,Registration,,,,Google Android_LI_1.5,Google Android_LI_1,102,2,7,332.0,Positive,2025-01-27
339,DR_Notification status Exists,Notifi_center Visits with Bell icon,Google Android,NOTIFICATION CENTER,NC,Notifi_center Visits with Bell icon,,,,,Google Android_NC_1,,103,1,8,,Positive,2025-01-27
340,DR_Notification received visits,Notifi_center Visits with new notifications,Google Android,NOTIFICATION CENTER,NC,,Notifi_center Visits with new notifications,,,,Google Android_NC_1.1,Google Android_NC_1,104,2,8,339.0,Positive,2025-01-27
341,DR_Notification page Visits,Notifi_center Clicked bell with new notifications,Google Android,NOTIFICATION CENTER,NC,,,Notifi_center Clicked bell with new notifications,,,Google Android_NC_1.1.1,Google Android_NC_1.1,105,3,8,340.0,Positive,2025-01-27
342,DR_Notification Viewed with new notifications,Notifi_center Viewed,Google Android,NOTIFICATION CENTER,NC,,,,Notifi_center Viewed,,Google Android_NC_1.1.1.1,Google Android_NC_1.1.1,106,4,8,341.0,Positive,2025-01-27
343,DR_Notification Declined with new notifications,Notifi_center Declined,Google Android,NOTIFICATION CENTER,NC,,,,Notifi_center Declined,,Google Android_NC_1.1.1.2,Google Android_NC_1.1.1,107,4,8,341.0,Negative,2025-01-27
344,DR_Notification accepted with new notifications,Notifi_center Accepted,Google Android,NOTIFICATION CENTER,NC,,,,Notifi_center Accepted,,Google Android_NC_1.1.1.3,Google Android_NC_1.1.1,108,4,8,341.0,Positive,2025-01-27
345,DR_No action on new notifications,Notifi_center No Action,Google Android,NOTIFICATION CENTER,NC,,,,Notifi_center No Action,,Google Android_NC_1.1.1.4,Google Android_NC_1.1.1,109,4,8,341.0,Negative,2025-01-27
346,DR_Notifications not received visits,Notifi_center Visits with no new notifications,Google Android,NOTIFICATION CENTER,NC,,Notifi_center Visits with no new notifications,,,,Google Android_NC_1.2,Google Android_NC_1,110,2,8,339.0,Negative,2025-01-27
347,DR_Notification Viewed with no new notifications,with no new notifi Viewed,Google Android,NOTIFICATION CENTER,NC,,,,with no new notifi Viewed,,Google Android_NC_1.2.0.1,Google Android_NC_1.2.0,111,4,8,,Positive,2025-01-27
348,DR_Notification Declined with no new notification,with no new notifi Declined,Google Android,NOTIFICATION CENTER,NC,,,,with no new notifi Declined,,Google Android_NC_1.2.0.2,Google Android_NC_1.2.0,112,4,8,,Negative,2025-01-27
349,DR_Notification accepted with no new notifications,with no new notifi Accepted,Google Android,NOTIFICATION CENTER,NC,,,,with no new notifi Accepted,,Google Android_NC_1.2.0.3,Google Android_NC_1.2.0,113,4,8,,Positive,2025-01-27
350,DR_No action on no new notifications,with no new notifi No Action,Google Android,NOTIFICATION CENTER,NC,,,,with no new notifi No Action,,Google Android_NC_1.2.0.4,Google Android_NC_1.2.0,114,4,8,,Negative,2025-01-27
351,DR_Visits,Visits,Google Android,OVER ALL,OA,Visits,,,,,Google Android_OA_1,,115,1,9,,Positive,2025-01-27
352,Unique Visitors,Visitors,Google Android,OVER ALL,OA,,,,,,,,116,1,9,,Positive,2025-01-27
353,Page Views,Page Views,Google Android,OVER ALL,OA,,,,,,,,117,1,9,,Positive,2025-01-27
354,Average Time Spent on Page,Average Time Spent (mins),Google Android,OVER ALL,OA,,,,,,,,118,1,9,,Negative,2025-01-27
355,DR_New Visitors,New Visitors,Google Android,OVER ALL,OA,,New Visitors,,,,Google Android_OA_1.1,Google Android_OA_1,119,2,9,351.0,Positive,2025-01-27
356,DR_Server Errors,Server Errors,Google Android,OVER ALL,OA,,Server Errors,,,,Google Android_OA_1.2,Google Android_OA_1,120,2,9,351.0,Negative,2025-01-27
357,DR_Overall Chat,Visits to Chat,Google Android,OVER ALL,OA,,Visits to Chat,,,,Google Android_OA_1.3,Google Android_OA_1,121,2,9,351.0,Negative,2025-01-27
358,DR_continuing chat from new chat page,Continuing chat from new chat page,Google Android,OVER ALL,OA,,,,,,,,122,1,9,,,2025-01-27
359,DR_Message Us,Visits to Chat (Bot),Google Android,OVER ALL,OA,,Visits to Chat (Bot),,,,Google Android_OA_1.4,Google Android_OA_1,123,2,9,351.0,Negative,2025-01-27
360,DR_Agent Chat,Visits to Agent Chat (Skip bot),Google Android,OVER ALL,OA,,Visits to Agent Chat (Skip bot),,,,Google Android_OA_1.5,Google Android_OA_1,124,2,9,351.0,Negative,2025-01-27
361,DR_Self Service Initiated,Visits to Self Service Features,Google Android,OVER ALL,OA,,Visits to Self Service Features,,,,Google Android_OA_1.6,Google Android_OA_1,125,2,9,351.0,Positive,2025-01-27
362,DR_CoxApp | Visits with Chat and No Self Service Initiated,Visits with Chat but No Self Service,Google Android,OVER ALL,OA,,Visits with Chat but No Self Service,,,,Google Android_OA_1.7,Google Android_OA_1,126,2,9,351.0,Negative,2025-01-27
363,DR_CoxApp | Visits with No Self Service and No Chat,Visits with Neither Self Service nor Chat,Google Android,OVER ALL,OA,,Visits with Neither Self Service nor Chat,,,,Google Android_OA_1.8,Google Android_OA_1,127,2,9,351.0,Negative,2025-01-27
364,DR_CoxApp | Visits not logged in,Not Logged-in Visits,Google Android,OVER ALL,OA,,Not Logged-in Visits,,,,Google Android_OA_1.9,Google Android_OA_1,128,2,9,351.0,Negative,2025-01-27
365,DR_Native Registration Home Page,Visits to Registration Home Page,Google Android,RE GISTRATION (NATIVE),RG(,Visits to Registration Home Page,,,,,Google Android_RG(_1,,129,1,10,,Positive,2025-01-27
366,DR_Native Registration Confirmation,New Registrations,Google Android,RE GISTRATION (NATIVE),RG(,,New Registrations,,,,Google Android_RG(_1.1,Google Android_RG(_1,130,2,10,365.0,Positive,2025-01-27
367,DR_Native Registration - Already Registered,Already Registered,Google Android,RE GISTRATION (NATIVE),RG(,,Already Registered,,,,Google Android_RG(_1.2,Google Android_RG(_1,131,2,10,365.0,Positive,2025-01-27
368,DR_Native Registration - Did not Registered,Did not Register,Google Android,RE GISTRATION (NATIVE),RG(,,Did not Register,,,,Google Android_RG(_1.3,Google Android_RG(_1,132,2,10,365.0,Negative,2025-01-27
369,DR_Native Registration - Email Lookup,Email Lookup,Google Android,RE GISTRATION (NATIVE),RG(,Email Lookup,,,,,Google Android_RG(_2,,133,1,10,,Positive,2025-01-27
370,DR_Native Registration - Email Lookup Success,Email Lookup Success Rate,Google Android,RE GISTRATION (NATIVE),RG(,,Email Lookup Success Rate,,,,Google Android_RG(_2.1,Google Android_RG(_2,134,2,10,369.0,Positive,2025-01-27
371,DR_Native Registration - Server Form Errors,Reg_native Server Errors,Google Android,RE GISTRATION (NATIVE),RG(,,Reg_native Server Errors,,,,Google Android_RG(_2.2,Google Android_RG(_2,135,2,10,369.0,Negative,2025-01-27
372,DR_CoxApp | Chat from Registration Flow,Reg_native Interacted with Chat,Google Android,RE GISTRATION (NATIVE),RG(,,Reg_native Interacted with Chat,,,,Google Android_RG(_2.3,Google Android_RG(_2,136,2,10,369.0,Negative,2025-01-27
373,DR_Native Registration - Intent to Register,Intent to Register,Google Android,RE GISTRATION (NATIVE),RG(,Intent to Register,,,,,Google Android_RG(_3,,137,1,10,,Positive,2025-01-27
374,DR_Native Registration Success,Funnel Success Rate,Google Android,RE GISTRATION (NATIVE),RG(,,Funnel Success Rate,,,,Google Android_RG(_3.1,Google Android_RG(_3,138,2,10,373.0,Positive,2025-01-27
375,DR_Native Registration - Phone Lookup,Phone Lookup,Google Android,RE GISTRATION (NATIVE),RG(,Phone Lookup,,,,,Google Android_RG(_4,,139,1,10,,Positive,2025-01-27
376,DR_Native Registration - Phone Lookup Success,Phone Lookup Success Rate,Google Android,RE GISTRATION (NATIVE),RG(,,Phone Lookup Success Rate,,,,Google Android_RG(_4.1,Google Android_RG(_4,140,2,10,375.0,Positive,2025-01-27
377,DR_Reset Modem - Home Page,Reset Modem Start Page Visits,Google Android,RESET MODEM,RM,Reset Modem Start Page Visits,,,,,Google Android_RM_1,,141,1,11,,Positive,2025-01-27
378,DR_Reset Modem - Started Rebooting Process,Started Reset Process,Google Android,RESET MODEM,RM,,Started Reset Process,,,,Google Android_RM_1.1,Google Android_RM_1,142,2,11,377.0,Positive,2025-01-27
379,DR_Reset Modem - Rebooting Complete,Reset Process Complete,Google Android,RESET MODEM,RM,,,Reset Process Complete,,,Google Android_RM_1.1.1,Google Android_RM_1.1,143,3,11,378.0,Positive,2025-01-27
380,DR_Reset Modem - Rebooting Incomplete,Reset Process Incomplete,Google Android,RESET MODEM,RM,,,Reset Process Incomplete,,,Google Android_RM_1.1.2,Google Android_RM_1.1,144,3,11,378.0,Negative,2025-01-27
381,DR_Reset Modem Error -DMCA,DMCA Error,Google Android,RESET MODEM,RM,,DMCA Error,,,,Google Android_RM_1.2,Google Android_RM_1,145,2,11,377.0,Negative,2025-01-27
382,DR_Reset Modem - Agent Chat,Reset_Modem Interacted with Chat,Google Android,RESET MODEM,RM,,,Reset_Modem Interacted with Chat,,,Google Android_RM_1.2.1,Google Android_RM_1.2,146,3,11,381.0,Negative,2025-01-27
383,DR_Reset Modem - Error Outage,Error Outage,Google Android,RESET MODEM,RM,,Error Outage,,,,Google Android_RM_1.3,Google Android_RM_1,147,2,11,377.0,Negative,2025-01-27
384,DR_Reset Modem Error - Non Pay,Non Pay Error,Google Android,RESET MODEM,RM,,Non Pay Error,,,,Google Android_RM_1.4,Google Android_RM_1,148,2,11,377.0,Negative,2025-01-27
385,DR_Reset Tvbox - Home Page,Reset TV Box Start Page Visits,Google Android,RESET TV BOX,RTB,Reset TV Box Start Page Visits,,,,,Google Android_RTB_1,,149,1,12,,Positive,2025-01-27
386,DR_Reset Tvbox - Rebooting,Reset_TV Started Reset Process,Google Android,RESET TV BOX,RTB,,Reset_TV Started Reset Process,,,,Google Android_RTB_1.1,Google Android_RTB_1,150,2,12,385.0,Positive,2025-01-27
387,DR_Reset Tvbox - Complete,Reset_TV Process Complete,Google Android,RESET TV BOX,RTB,,,Reset_TV Process Complete,,,Google Android_RTB_1.1.1,Google Android_RTB_1.1,151,3,12,386.0,Positive,2025-01-27
388,DR_Reset Tvbox - Incomplete,Reset_TV Process Incomplete,Google Android,RESET TV BOX,RTB,,,Reset_TV Process Incomplete,,,Google Android_RTB_1.1.2,Google Android_RTB_1.1,152,3,12,386.0,Negative,2025-01-27
389,DR_Reset Tvbox Error - DMCA,Reset_TV DMCA Error,Google Android,RESET TV BOX,RTB,,Reset_TV DMCA Error,,,,Google Android_RTB_1.2,Google Android_RTB_1,153,2,12,385.0,Negative,2025-01-27
390,DR_Reset Tvbox - Agent Chat,Reset_TV Interacted with Chat,Google Android,RESET TV BOX,RTB,,,Reset_TV Interacted with Chat,,,Google Android_RTB_1.2.1,Google Android_RTB_1.2,154,3,12,389.0,Negative,2025-01-27
391,DR_Reset Tvbox - Error Outage,Reset_TV Error Outage,Google Android,RESET TV BOX,RTB,,Reset_TV Error Outage,,,,Google Android_RTB_1.3,Google Android_RTB_1,155,2,12,385.0,Negative,2025-01-27
392,DR_Reset Tvbox Error - Non Pay,Reset_TV Non Pay Error,Google Android,RESET TV BOX,RTB,,Reset_TV Non Pay Error,,,,Google Android_RTB_1.4,Google Android_RTB_1,156,2,12,385.0,Negative,2025-01-27
393,DR_Alert Type Visits,Visits with Service Alert,Google Android,SERVICE ALERT,SA,Visits with Service Alert,,,,,Google Android_SA_1,,157,1,13,,Negative,2025-01-27
394,DR_Outage Alert,Service_alert Outage,Google Android,SERVICE ALERT,SA,,Service_alert Outage,,,,Google Android_SA_1.1,Google Android_SA_1,158,2,13,393.0,Negative,2025-01-27
395,Dr_Campaign Rolloff Alert,Service_alert Campaign Rolloff,Google Android,SERVICE ALERT,SA,,Service_alert Campaign Rolloff,,,,Google Android_SA_1.2,Google Android_SA_1,159,2,13,393.0,Negative,2025-01-27
396,Dr_NonPay Suspension Alert,Service_alert NonPay Suspension,Google Android,SERVICE ALERT,SA,,Service_alert NonPay Suspension,,,,Google Android_SA_1.3,Google Android_SA_1,160,2,13,393.0,Negative,2025-01-27
397,Dr_Network Construction Alert,Service_alert Network Construction,Google Android,SERVICE ALERT,SA,,Service_alert Network Construction,,,,Google Android_SA_1.4,Google Android_SA_1,161,2,13,393.0,Negative,2025-01-27
398,Dr_DMCA Termination Alert,Service_alert DMCA Termination,Google Android,SERVICE ALERT,SA,,Service_alert DMCA Termination,,,,Google Android_SA_1.5,Google Android_SA_1,162,2,13,393.0,Negative,2025-01-27
399,server:error:CC-EACCES,,Google Android,SERVER ERRORS,SE,,,,,,,,163,1,14,,,2025-01-27
400,server:error:CC-INVALID_CREDS,,Google Android,SERVER ERRORS,SE,,,,,,,,164,1,14,,,2025-01-27
401,server:error:CC-INTERNAL_ERROR,,Google Android,SERVER ERRORS,SE,,,,,,,,165,1,14,,,2025-01-27
402,server:error:CC-TOKEN_EXPIRED,,Google Android,SERVER ERRORS,SE,,,,,,,,166,1,14,,,2025-01-27
403,server:error:null,,Google Android,SERVER ERRORS,SE,,,,,,,,167,1,14,,,2025-01-27
404,server:error:unable_to_retrieve_data_usage_information_at_this_time,,Google Android,SERVER ERRORS,SE,,,,,,,,168,1,14,,,2025-01-27
405,server:error:CC-ACCOUNT_NOT_FOUND,,Google Android,SERVER ERRORS,SE,,,,,,,,169,1,14,,,2025-01-27
406,server:error:CC-USERNAME-ALREADY-EXISTS,,Google Android,SERVER ERRORS,SE,,,,,,,,170,1,14,,,2025-01-27
407,server:error:CC-INVALID_ZIPCODE,,Google Android,SERVER ERRORS,SE,,,,,,,,171,1,14,,,2025-01-27
408,server:error:CC-INVALID_CVV,,Google Android,SERVER ERRORS,SE,,,,,,,,172,1,14,,,2025-01-27
409,server:error:CC-INVALID_CARD_NUMBER,,Google Android,SERVER ERRORS,SE,,,,,,,,173,1,14,,,2025-01-27
410,server:error:CC-DUPLICATE_PAYMENT,,Google Android,SERVER ERRORS,SE,,,,,,,,174,1,14,,,2025-01-27
411,server:error:CC-PASSWORD_DENIED,,Google Android,SERVER ERRORS,SE,,,,,,,,175,1,14,,,2025-01-27
412,server:error:CC-CURRENT_PIN_INVALID,,Google Android,SERVER ERRORS,SE,,,,,,,,176,1,14,,,2025-01-27
413,server:error:CC-PASSWORD_EXPIRED,,Google Android,SERVER ERRORS,SE,,,,,,,,177,1,14,,,2025-01-27
414,server:error:CC-PAYMENT_METHOD_RESTRICTED,,Google Android,SERVER ERRORS,SE,,,,,,,,178,1,14,,,2025-01-27
415,server:error:MappingTemplate,,Google Android,SERVER ERRORS,SE,,,,,,,,179,1,14,,,2025-01-27
416,server:error:CC-ICOMS_API_ERROR,,Google Android,SERVER ERRORS,SE,,,,,,,,180,1,14,,,2025-01-27
417,DR_SmartHelp - Landing Page,Devices Page Visits,Google Android,SMART HELP,SH,Devices Page Visits,,,,,Google Android_SH_1,,181,1,15,,Positive,2025-01-27
418,DR_SmartHelp - Started,Started Troubleshooting (Solution Center),Google Android,SMART HELP,SH,,Started Troubleshooting (Solution Center),,,,Google Android_SH_1.1,Google Android_SH_1,182,2,15,417.0,Positive,2025-01-27
419,DR_SmartHelp - Result,Saw a Result,Google Android,SMART HELP,SH,,,Saw a Result,,,Google Android_SH_1.1.1,Google Android_SH_1.1,183,3,15,418.0,Positive,2025-01-27
420,DR_SmartHelp Result - Unknown,1st common reason (Unknown),Google Android,SMART HELP,SH,,,,1st common reason (Unknown),,Google Android_SH_1.1.1.1,Google Android_SH_1.1.1,184,4,15,419.0,Negative,2025-01-27
421,DR_SmartHelp Result - Disconnected,2nd common reason (Disconnected),Google Android,SMART HELP,SH,,,,2nd common reason (Disconnected),,Google Android_SH_1.1.1.2,Google Android_SH_1.1.1,185,4,15,419.0,Negative,2025-01-27
422,DR_SmartHelp Result - Incomplete Install,3rd common reason (Incomplete Install),Google Android,SMART HELP,SH,,,,3rd common reason (Incomplete Install),,Google Android_SH_1.1.1.3,Google Android_SH_1.1.1,186,4,15,419.0,Negative,2025-01-27
423,DR_SmartHelp - Reboot Flow Started,Did a Device Reboot,Google Android,SMART HELP,SH,,Did a Device Reboot,,,,Google Android_SH_1.2,Google Android_SH_1,187,2,15,417.0,Positive,2025-01-27
424,DR_SmartHelp - P&P,Started Proactive and Preventive (P&P),Google Android,SMART HELP,SH,,Started Proactive and Preventive (P&P),,,,Google Android_SH_1.3,Google Android_SH_1,188,2,15,417.0,Positive,2025-01-27
425,DR_Smarthelp P&P - Let's troubleshoot together,Started P&P troubleshooting,Google Android,SMART HELP,SH,,,Started P&P troubleshooting,,,Google Android_SH_1.3.1,Google Android_SH_1.3,189,3,15,424.0,Positive,2025-01-27
426,DR_Smarthelp P&P - Reset Complete,Smarthelp Reset Complete,Google Android,SMART HELP,SH,,,Smarthelp Reset Complete,,,Google Android_SH_1.3.2,Google Android_SH_1.3,190,3,15,424.0,Positive,2025-01-27
427,DR_Smarthelp P&P - Let's schedule a technician visit,Schedule Tech,Google Android,SMART HELP,SH,,,Schedule Tech,,,Google Android_SH_1.3.3,Google Android_SH_1.3,191,3,15,424.0,Positive,2025-01-27
428,DR_Smarthelp P&P - Connect with a support agent,Connect with Agent,Google Android,SMART HELP,SH,,,Connect with Agent,,,Google Android_SH_1.3.4,Google Android_SH_1.3,192,3,15,424.0,Negative,2025-01-27
429,DR_Smarthelp P&P - Interacted with Chat Agent,Smarthelp_P&P Interacted with Chat,Google Android,SMART HELP,SH,,,Smarthelp_P&P Interacted with Chat,,,Google Android_SH_1.3.5,Google Android_SH_1.3,193,3,15,424.0,Negative,2025-01-27
430,DR_SmartHelp - Billing & Account Support,Clicked Billing & Account Support,Google Android,SMART HELP,SH,,Clicked Billing & Account Support,,,,Google Android_SH_1.4,Google Android_SH_1,194,2,15,417.0,Positive,2025-01-27
431,DR_SmartHelp - Internet Support,Clicked Internet Support,Google Android,SMART HELP,SH,,Clicked Internet Support,,,,Google Android_SH_1.5,Google Android_SH_1,195,2,15,417.0,Positive,2025-01-27
432,DR_SmartHelp - TV Support,Clicked TV Support,Google Android,SMART HELP,SH,,Clicked TV Support,,,,Google Android_SH_1.6,Google Android_SH_1,196,2,15,417.0,Positive,2025-01-27
433,DR_SmartHelp - Homelife Support,Clicked Homelife Support,Google Android,SMART HELP,SH,,Clicked Homelife Support,,,,Google Android_SH_1.7,Google Android_SH_1,197,2,15,417.0,Positive,2025-01-27
434,DR_SmartHelp - Agent Chat,Smarthelp_Interacted with Chat,Google Android,SMART HELP,SH,,Smarthelp_Interacted with Chat,,,,Google Android_SH_1.8,Google Android_SH_1,198,2,15,417.0,Negative,2025-01-27
435,DR_Support Home,Support Home Visits,Google Android,S UPPORT,SU,Support Home Visits,,,,,Google Android_SU_1,,199,1,16,,Positive,2025-01-27
436,DR_Support - Internet,Support Internet Support,Google Android,S UPPORT,SU,,Support Internet Support,,,,Google Android_SU_1.1,Google Android_SU_1,200,2,16,435.0,Positive,2025-01-27
437,DR_Support - Billing and Account,Billing & Account Support,Google Android,S UPPORT,SU,,Billing & Account Support,,,,Google Android_SU_1.2,Google Android_SU_1,201,2,16,435.0,Positive,2025-01-27
438,DR_Support - Billing,Billing Support,Google Android,S UPPORT,SU,,Billing Support,,,,Google Android_SU_1.3,Google Android_SU_1,202,2,16,435.0,Positive,2025-01-27
439,DR_Support - Account,Account Support,Google Android,S UPPORT,SU,,Account Support,,,,Google Android_SU_1.4,Google Android_SU_1,203,2,16,435.0,Positive,2025-01-27
440,DR_Support - TV,Support TV Support,Google Android,S UPPORT,SU,,Support TV Support,,,,Google Android_SU_1.5,Google Android_SU_1,204,2,16,435.0,Positive,2025-01-27
441,DR_Support - Homelife,Support Homelife Support,Google Android,S UPPORT,SU,,Support Homelife Support,,,,Google Android_SU_1.6,Google Android_SU_1,205,2,16,435.0,Positive,2025-01-27
442,DR_Support - Mobile,Support Mobile Support,Google Android,S UPPORT,SU,,Support Mobile Support,,,,Google Android_SU_1.7,Google Android_SU_1,206,2,16,435.0,Positive,2025-01-27
443,DR_Support - Read an Article,Read an Article,Google Android,S UPPORT,SU,,Read an Article,,,,Google Android_SU_1.8,Google Android_SU_1,207,2,16,435.0,Positive,2025-01-27
444,DR_Support - Search,Support Search,Google Android,S UPPORT,SU,,Support Search,,,,Google Android_SU_1.9,Google Android_SU_1,208,2,16,435.0,Negative,2025-01-27
445,DR_Support - Click on Exit Link,Went to External Link,Google Android,S UPPORT,SU,,Went to External Link,,,,Google Android_SU_1.10,Google Android_SU_1,209,2,16,435.0,Positive,2025-01-27
446,DR_Support - App Feedback,App Feedback,Google Android,S UPPORT,SU,,App Feedback,,,,Google Android_SU_1.11,Google Android_SU_1,210,2,16,435.0,Positive,2025-01-27
447,DR_Support - Agent chat started,Support Interacted with Chat,Google Android,S UPPORT,SU,,Support Interacted with Chat,,,,Google Android_SU_1.12,Google Android_SU_1,211,2,16,435.0,Negative,2025-01-27
448,DR_TSV Enrollment Home Page,Visits to TSV Home Page,Google Android,TWO-STEP VERIFICATION,TV,Visits to TSV Home Page,,,,,Google Android_TV_1,,212,1,17,,Positive,2025-01-27
449,DR_TSV | Intent to Enrollment,TSV Enrollment Page,Google Android,TWO-STEP VERIFICATION,TV,,TSV Enrollment Page,,,,Google Android_TV_1.1,Google Android_TV_1,213,2,17,448.0,Positive,2025-01-27
450,DR_TSV Enrollment - Success,TSV Overall Success Rate,Google Android,TWO-STEP VERIFICATION,TV,,TSV Overall Success Rate,,,,Google Android_TV_1.2,Google Android_TV_1,214,2,17,448.0,Positive,2025-01-27
451,DR_TSV Enrollment - Email,TSV Email Text,Google Android,TWO-STEP VERIFICATION,TV,TSV Email Text,,,,,Google Android_TV_2,,215,1,17,,Positive,2025-01-27
452,DR_TSV Enrollment - Email Success,TSV Email Success Rate,Google Android,TWO-STEP VERIFICATION,TV,,TSV Email Success Rate,,,,Google Android_TV_2.1,Google Android_TV_2,216,2,17,451.0,Positive,2025-01-27
453,DR_TSV Enrollment - Update,TSV Update,Google Android,TWO-STEP VERIFICATION,TV,,TSV Update,,,,Google Android_TV_2.2,Google Android_TV_2,217,2,17,451.0,Positive,2025-01-27
454,DR_TSV Enrollment - Server Errors,TSV Server Errors,Google Android,TWO-STEP VERIFICATION,TV,,TSV Server Errors,,,,Google Android_TV_2.3,Google Android_TV_2,218,2,17,451.0,Negative,2025-01-27
455,DR_TSV Enrollment - Phone text,TSV Phone Text,Google Android,TWO-STEP VERIFICATION,TV,TSV Phone Text,,,,,Google Android_TV_3,,219,1,17,,Positive,2025-01-27
456,DR_TSV Enrollment - Phone text Success,TSV Text Success Rate,Google Android,TWO-STEP VERIFICATION,TV,,TSV Text Success Rate,,,,Google Android_TV_3.1,Google Android_TV_3,220,2,17,455.0,Positive,2025-01-27
457,DR_TSV Enrollment - Phone call,TSV Phone Call,Google Android,TWO-STEP VERIFICATION,TV,TSV Phone Call,,,,,Google Android_TV_4,,221,1,17,,Positive,2025-01-27
458,DR_TSV Enrollment - Phone call Success,TSV Call Success Rate,Google Android,TWO-STEP VERIFICATION,TV,,TSV Call Success Rate,,,,Google Android_TV_4.1,Google Android_TV_4,222,2,17,457.0,Positive,2025-01-27
459,www.cox.com/residential/mobile/deals.html?sc_id=cr_mobile_app_z_coxapp_z_swrve_emb_mobile_holidays_b,,Google Android,U R L,URL,,,,,,,,223,1,18,,,2025-01-27
460,www.cox.com/residential/mobile/deals.html?sc_id=cr_mobile_app_z_coxapp_z_swrve_emb_mobile_holidays_2,,Google Android,U R L,URL,,,,,,,,224,1,18,,,2025-01-27
461,www.cox.com/residential/refer-a-friend.html?&sc_id=cr_mobile_app_z_coxapp_z_swrve_emb_extole,,Google Android,U R L,URL,,,,,,,,225,1,18,,,2025-01-27
462,www.cox.com/mobile-shop/check-device-compatibility.html&sc_id=cr_mobile_app_z_coxapp_z_swrve_emb_mob,,Google Android,U R L,URL,,,,,,,,226,1,18,,,2025-01-27
463,www.cox.com/residential/move.html?sc_id=cr_mobile_app_z_coxapp_z_swrve_inapp,,Google Android,U R L,URL,,,,,,,,227,1,18,,,2025-01-27
